ラジオ日本聞きたい,JORF
ラジオ日本を聞かせて,JORF
ラジオ日本を再生,JORF
ラジオ日本再生,JORF
ラジオ日本を再生して,JORF
ラジオ日本を再生,JORF
ラジオ日本かけて,JORF
ラジオ日本して,JORF
ラジオ日本にまわして,JORF
ラジオ日本に変更して,JORF
ラジオ日本が聞きたいです,JORF
ラジオ日本聞かせてください,JORF
ラジオ日本をかけてください,JORF
ラジオ日本を再生してください,JORF
ラジオ日本を再生して欲しい,JORF
ラジオ日本にしてください,JORF
ラジオ日本がいいです,JORF
ラジオ日本がいいと思う,JORF
ラジオ日本を聞きたい,JORF
ラジオ日本を聞きたいです,JORF
ラジオ日本に変えて,JORF
ラジオ日本に変えてください,JORF
ラジオ日本が聞きたいのですが,JORF
ラジオ日本を聞きたいのですが,JORF
ラジオ日本が聞きたいんですが,JORF
ラジオ日本を聞きたいんですが,JORF
ラジオ日本がいいのですが,JORF
ラジオ日本がいいんですが,JORF
ラジオ日本が聞きたいのですけど,JORF
ラジオ日本を聞きたいのですけど,JORF
ラジオ日本が聞きたいんですけど,JORF
ラジオ日本を聞きたいんですけど,JORF
ラジオ日本が聞きたいのですけども,JORF
ラジオ日本を聞きたいのですけども,JORF
ラジオ日本が聞きたいんですけども,JORF
ラジオ日本を聞きたいんですけども,JORF
ラジオ日本がいいのですけど,JORF
ラジオ日本が聞きたいと思います,JORF
ラジオ日本がいいと思います,JORF
ラジオ日本を再生して欲しいのです,JORF
ラジオ日本を再生して欲しいんです,JORF
ラジオ日本を再生して欲しいのですけど,JORF
ラジオ日本を再生して欲しいんですけど,JORF
ラジオ日本を再生して欲しいのですが,JORF
ラジオ日本を再生して欲しいんですが,JORF
ラジオにっぽん聞きたい,JORF
ラジオにっぽんを聞かせて,JORF
ラジオにっぽんを再生,JORF
ラジオにっぽん再生,JORF
ラジオにっぽんを再生して,JORF
ラジオにっぽんを再生,JORF
ラジオにっぽんかけて,JORF
ラジオにっぽんして,JORF
ラジオにっぽんにまわして,JORF
ラジオにっぽんに変更して,JORF
ラジオにっぽんが聞きたいです,JORF
ラジオにっぽん聞かせてください,JORF
ラジオにっぽんをかけてください,JORF
ラジオにっぽんを再生してください,JORF
ラジオにっぽんを再生して欲しい,JORF
ラジオにっぽんにしてください,JORF
ラジオにっぽんがいいです,JORF
ラジオにっぽんがいいと思う,JORF
ラジオにっぽんを聞きたい,JORF
ラジオにっぽんを聞きたいです,JORF
ラジオにっぽんに変えて,JORF
ラジオにっぽんに変えてください,JORF
ラジオにっぽんが聞きたいのですが,JORF
ラジオにっぽんを聞きたいのですが,JORF
ラジオにっぽんが聞きたいんですが,JORF
ラジオにっぽんを聞きたいんですが,JORF
ラジオにっぽんがいいのですが,JORF
ラジオにっぽんがいいんですが,JORF
ラジオにっぽんが聞きたいのですけど,JORF
ラジオにっぽんを聞きたいのですけど,JORF
ラジオにっぽんが聞きたいんですけど,JORF
ラジオにっぽんを聞きたいんですけど,JORF
ラジオにっぽんが聞きたいのですけども,JORF
ラジオにっぽんを聞きたいのですけども,JORF
ラジオにっぽんが聞きたいんですけども,JORF
ラジオにっぽんを聞きたいんですけども,JORF
ラジオにっぽんがいいのですけど,JORF
ラジオにっぽんが聞きたいと思います,JORF
ラジオにっぽんがいいと思います,JORF
ラジオにっぽんを再生して欲しいのです,JORF
ラジオにっぽんを再生して欲しいんです,JORF
ラジオにっぽんを再生して欲しいのですけど,JORF
ラジオにっぽんを再生して欲しいんですけど,JORF
ラジオにっぽんを再生して欲しいのですが,JORF
ラジオにっぽんを再生して欲しいんですが,JORF
ラジオジャパン聞きたい,JORF
ラジオジャパンを聞かせて,JORF
ラジオジャパンを再生,JORF
ラジオジャパン再生,JORF
ラジオジャパンを再生して,JORF
ラジオジャパンを再生,JORF
ラジオジャパンかけて,JORF
ラジオジャパンして,JORF
ラジオジャパンにまわして,JORF
ラジオジャパンに変更して,JORF
ラジオジャパンが聞きたいです,JORF
ラジオジャパン聞かせてください,JORF
ラジオジャパンをかけてください,JORF
ラジオジャパンを再生してください,JORF
ラジオジャパンを再生して欲しい,JORF
ラジオジャパンにしてください,JORF
ラジオジャパンがいいです,JORF
ラジオジャパンがいいと思う,JORF
ラジオジャパンを聞きたい,JORF
ラジオジャパンを聞きたいです,JORF
ラジオジャパンに変えて,JORF
ラジオジャパンに変えてください,JORF
ラジオジャパンが聞きたいのですが,JORF
ラジオジャパンを聞きたいのですが,JORF
ラジオジャパンが聞きたいんですが,JORF
ラジオジャパンを聞きたいんですが,JORF
ラジオジャパンがいいのですが,JORF
ラジオジャパンがいいんですが,JORF
ラジオジャパンが聞きたいのですけど,JORF
ラジオジャパンを聞きたいのですけど,JORF
ラジオジャパンが聞きたいんですけど,JORF
ラジオジャパンを聞きたいんですけど,JORF
ラジオジャパンが聞きたいのですけども,JORF
ラジオジャパンを聞きたいのですけども,JORF
ラジオジャパンが聞きたいんですけども,JORF
ラジオジャパンを聞きたいんですけども,JORF
ラジオジャパンがいいのですけど,JORF
ラジオジャパンが聞きたいと思います,JORF
ラジオジャパンがいいと思います,JORF
ラジオジャパンを再生して欲しいのです,JORF
ラジオジャパンを再生して欲しいんです,JORF
ラジオジャパンを再生して欲しいのですけど,JORF
ラジオジャパンを再生して欲しいんですけど,JORF
ラジオジャパンを再生して欲しいのですが,JORF
ラジオジャパンを再生して欲しいんですが,JORF
ラジオにほん聞きたい,JORF
ラジオにほんを聞かせて,JORF
ラジオにほんを再生,JORF
ラジオにほん再生,JORF
ラジオにほんを再生して,JORF
ラジオにほんを再生,JORF
ラジオにほんかけて,JORF
ラジオにほんして,JORF
ラジオにほんにまわして,JORF
ラジオにほんに変更して,JORF
ラジオにほんが聞きたいです,JORF
ラジオにほん聞かせてください,JORF
ラジオにほんをかけてください,JORF
ラジオにほんを再生してください,JORF
ラジオにほんを再生して欲しい,JORF
ラジオにほんにしてください,JORF
ラジオにほんがいいです,JORF
ラジオにほんがいいと思う,JORF
ラジオにほんを聞きたい,JORF
ラジオにほんを聞きたいです,JORF
ラジオにほんに変えて,JORF
ラジオにほんに変えてください,JORF
ラジオにほんが聞きたいのですが,JORF
ラジオにほんを聞きたいのですが,JORF
ラジオにほんが聞きたいんですが,JORF
ラジオにほんを聞きたいんですが,JORF
ラジオにほんがいいのですが,JORF
ラジオにほんがいいんですが,JORF
ラジオにほんが聞きたいのですけど,JORF
ラジオにほんを聞きたいのですけど,JORF
ラジオにほんが聞きたいんですけど,JORF
ラジオにほんを聞きたいんですけど,JORF
ラジオにほんが聞きたいのですけども,JORF
ラジオにほんを聞きたいのですけども,JORF
ラジオにほんが聞きたいんですけども,JORF
ラジオにほんを聞きたいんですけども,JORF
ラジオにほんがいいのですけど,JORF
ラジオにほんが聞きたいと思います,JORF
ラジオにほんがいいと思います,JORF
ラジオにほんを再生して欲しいのです,JORF
ラジオにほんを再生して欲しいんです,JORF
ラジオにほんを再生して欲しいのですけど,JORF
ラジオにほんを再生して欲しいんですけど,JORF
ラジオにほんを再生して欲しいのですが,JORF
ラジオにほんを再生して欲しいんですが,JORF
ニッポンラジオ聞きたい,JORF
ニッポンラジオを聞かせて,JORF
ニッポンラジオを再生,JORF
ニッポンラジオ再生,JORF
ニッポンラジオを再生して,JORF
ニッポンラジオを再生,JORF
ニッポンラジオかけて,JORF
ニッポンラジオして,JORF
ニッポンラジオにまわして,JORF
ニッポンラジオに変更して,JORF
ニッポンラジオが聞きたいです,JORF
ニッポンラジオ聞かせてください,JORF
ニッポンラジオをかけてください,JORF
ニッポンラジオを再生してください,JORF
ニッポンラジオを再生して欲しい,JORF
ニッポンラジオにしてください,JORF
ニッポンラジオがいいです,JORF
ニッポンラジオがいいと思う,JORF
ニッポンラジオを聞きたい,JORF
ニッポンラジオを聞きたいです,JORF
ニッポンラジオに変えて,JORF
ニッポンラジオに変えてください,JORF
ニッポンラジオが聞きたいのですが,JORF
ニッポンラジオを聞きたいのですが,JORF
ニッポンラジオが聞きたいんですが,JORF
ニッポンラジオを聞きたいんですが,JORF
ニッポンラジオがいいのですが,JORF
ニッポンラジオがいいんですが,JORF
ニッポンラジオが聞きたいのですけど,JORF
ニッポンラジオを聞きたいのですけど,JORF
ニッポンラジオが聞きたいんですけど,JORF
ニッポンラジオを聞きたいんですけど,JORF
ニッポンラジオが聞きたいのですけども,JORF
ニッポンラジオを聞きたいのですけども,JORF
ニッポンラジオが聞きたいんですけども,JORF
ニッポンラジオを聞きたいんですけども,JORF
ニッポンラジオがいいのですけど,JORF
ニッポンラジオが聞きたいと思います,JORF
ニッポンラジオがいいと思います,JORF
ニッポンラジオを再生して欲しいのです,JORF
ニッポンラジオを再生して欲しいんです,JORF
ニッポンラジオを再生して欲しいのですけど,JORF
ニッポンラジオを再生して欲しいんですけど,JORF
ニッポンラジオを再生して欲しいのですが,JORF
ニッポンラジオを再生して欲しいんですが,JORF
bayfm聞きたい,BAYFM78
bayfmを聞かせて,BAYFM78
bayfmを再生,BAYFM78
bayfm再生,BAYFM78
bayfmを再生して,BAYFM78
bayfmを再生,BAYFM78
bayfmかけて,BAYFM78
bayfmして,BAYFM78
bayfmにまわして,BAYFM78
bayfmに変更して,BAYFM78
bayfmが聞きたいです,BAYFM78
bayfm聞かせてください,BAYFM78
bayfmをかけてください,BAYFM78
bayfmを再生してください,BAYFM78
bayfmを再生して欲しい,BAYFM78
bayfmにしてください,BAYFM78
bayfmがいいです,BAYFM78
bayfmがいいと思う,BAYFM78
bayfmを聞きたい,BAYFM78
bayfmを聞きたいです,BAYFM78
bayfmに変えて,BAYFM78
bayfmに変えてください,BAYFM78
bayfmが聞きたいのですが,BAYFM78
bayfmを聞きたいのですが,BAYFM78
bayfmが聞きたいんですが,BAYFM78
bayfmを聞きたいんですが,BAYFM78
bayfmがいいのですが,BAYFM78
bayfmがいいんですが,BAYFM78
bayfmが聞きたいのですけど,BAYFM78
bayfmを聞きたいのですけど,BAYFM78
bayfmが聞きたいんですけど,BAYFM78
bayfmを聞きたいんですけど,BAYFM78
bayfmが聞きたいのですけども,BAYFM78
bayfmを聞きたいのですけども,BAYFM78
bayfmが聞きたいんですけども,BAYFM78
bayfmを聞きたいんですけども,BAYFM78
bayfmがいいのですけど,BAYFM78
bayfmが聞きたいと思います,BAYFM78
bayfmがいいと思います,BAYFM78
bayfmを再生して欲しいのです,BAYFM78
bayfmを再生して欲しいんです,BAYFM78
bayfmを再生して欲しいのですけど,BAYFM78
bayfmを再生して欲しいんですけど,BAYFM78
bayfmを再生して欲しいのですが,BAYFM78
bayfmを再生して欲しいんですが,BAYFM78
bayfm 78聞きたい,BAYFM78
bayfm 78を聞かせて,BAYFM78
bayfm 78を再生,BAYFM78
bayfm 78再生,BAYFM78
bayfm 78を再生して,BAYFM78
bayfm 78を再生,BAYFM78
bayfm 78かけて,BAYFM78
bayfm 78して,BAYFM78
bayfm 78にまわして,BAYFM78
bayfm 78に変更して,BAYFM78
bayfm 78が聞きたいです,BAYFM78
bayfm 78聞かせてください,BAYFM78
bayfm 78をかけてください,BAYFM78
bayfm 78を再生してください,BAYFM78
bayfm 78を再生して欲しい,BAYFM78
bayfm 78にしてください,BAYFM78
bayfm 78がいいです,BAYFM78
bayfm 78がいいと思う,BAYFM78
bayfm 78を聞きたい,BAYFM78
bayfm 78を聞きたいです,BAYFM78
bayfm 78に変えて,BAYFM78
bayfm 78に変えてください,BAYFM78
bayfm 78が聞きたいのですが,BAYFM78
bayfm 78を聞きたいのですが,BAYFM78
bayfm 78が聞きたいんですが,BAYFM78
bayfm 78を聞きたいんですが,BAYFM78
bayfm 78がいいのですが,BAYFM78
bayfm 78がいいんですが,BAYFM78
bayfm 78が聞きたいのですけど,BAYFM78
bayfm 78を聞きたいのですけど,BAYFM78
bayfm 78が聞きたいんですけど,BAYFM78
bayfm 78を聞きたいんですけど,BAYFM78
bayfm 78が聞きたいのですけども,BAYFM78
bayfm 78を聞きたいのですけども,BAYFM78
bayfm 78が聞きたいんですけども,BAYFM78
bayfm 78を聞きたいんですけども,BAYFM78
bayfm 78がいいのですけど,BAYFM78
bayfm 78が聞きたいと思います,BAYFM78
bayfm 78がいいと思います,BAYFM78
bayfm 78を再生して欲しいのです,BAYFM78
bayfm 78を再生して欲しいんです,BAYFM78
bayfm 78を再生して欲しいのですけど,BAYFM78
bayfm 78を再生して欲しいんですけど,BAYFM78
bayfm 78を再生して欲しいのですが,BAYFM78
bayfm 78を再生して欲しいんですが,BAYFM78
fm 78聞きたい,BAYFM78
fm 78を聞かせて,BAYFM78
fm 78を再生,BAYFM78
fm 78再生,BAYFM78
fm 78を再生して,BAYFM78
fm 78を再生,BAYFM78
fm 78かけて,BAYFM78
fm 78して,BAYFM78
fm 78にまわして,BAYFM78
fm 78に変更して,BAYFM78
fm 78が聞きたいです,BAYFM78
fm 78聞かせてください,BAYFM78
fm 78をかけてください,BAYFM78
fm 78を再生してください,BAYFM78
fm 78を再生して欲しい,BAYFM78
fm 78にしてください,BAYFM78
fm 78がいいです,BAYFM78
fm 78がいいと思う,BAYFM78
fm 78を聞きたい,BAYFM78
fm 78を聞きたいです,BAYFM78
fm 78に変えて,BAYFM78
fm 78に変えてください,BAYFM78
fm 78が聞きたいのですが,BAYFM78
fm 78を聞きたいのですが,BAYFM78
fm 78が聞きたいんですが,BAYFM78
fm 78を聞きたいんですが,BAYFM78
fm 78がいいのですが,BAYFM78
fm 78がいいんですが,BAYFM78
fm 78が聞きたいのですけど,BAYFM78
fm 78を聞きたいのですけど,BAYFM78
fm 78が聞きたいんですけど,BAYFM78
fm 78を聞きたいんですけど,BAYFM78
fm 78が聞きたいのですけども,BAYFM78
fm 78を聞きたいのですけども,BAYFM78
fm 78が聞きたいんですけども,BAYFM78
fm 78を聞きたいんですけども,BAYFM78
fm 78がいいのですけど,BAYFM78
fm 78が聞きたいと思います,BAYFM78
fm 78がいいと思います,BAYFM78
fm 78を再生して欲しいのです,BAYFM78
fm 78を再生して欲しいんです,BAYFM78
fm 78を再生して欲しいのですけど,BAYFM78
fm 78を再生して欲しいんですけど,BAYFM78
fm 78を再生して欲しいのですが,BAYFM78
fm 78を再生して欲しいんですが,BAYFM78
bay sm聞きたい,BAYFM78
bay smを聞かせて,BAYFM78
bay smを再生,BAYFM78
bay sm再生,BAYFM78
bay smを再生して,BAYFM78
bay smを再生,BAYFM78
bay smかけて,BAYFM78
bay smして,BAYFM78
bay smにまわして,BAYFM78
bay smに変更して,BAYFM78
bay smが聞きたいです,BAYFM78
bay sm聞かせてください,BAYFM78
bay smをかけてください,BAYFM78
bay smを再生してください,BAYFM78
bay smを再生して欲しい,BAYFM78
bay smにしてください,BAYFM78
bay smがいいです,BAYFM78
bay smがいいと思う,BAYFM78
bay smを聞きたい,BAYFM78
bay smを聞きたいです,BAYFM78
bay smに変えて,BAYFM78
bay smに変えてください,BAYFM78
bay smが聞きたいのですが,BAYFM78
bay smを聞きたいのですが,BAYFM78
bay smが聞きたいんですが,BAYFM78
bay smを聞きたいんですが,BAYFM78
bay smがいいのですが,BAYFM78
bay smがいいんですが,BAYFM78
bay smが聞きたいのですけど,BAYFM78
bay smを聞きたいのですけど,BAYFM78
bay smが聞きたいんですけど,BAYFM78
bay smを聞きたいんですけど,BAYFM78
bay smが聞きたいのですけども,BAYFM78
bay smを聞きたいのですけども,BAYFM78
bay smが聞きたいんですけども,BAYFM78
bay smを聞きたいんですけども,BAYFM78
bay smがいいのですけど,BAYFM78
bay smが聞きたいと思います,BAYFM78
bay smがいいと思います,BAYFM78
bay smを再生して欲しいのです,BAYFM78
bay smを再生して欲しいんです,BAYFM78
bay smを再生して欲しいのですけど,BAYFM78
bay smを再生して欲しいんですけど,BAYFM78
bay smを再生して欲しいのですが,BAYFM78
bay smを再生して欲しいんですが,BAYFM78
bay fm 78聞きたい,BAYFM78
bay fm 78を聞かせて,BAYFM78
bay fm 78を再生,BAYFM78
bay fm 78再生,BAYFM78
bay fm 78を再生して,BAYFM78
bay fm 78を再生,BAYFM78
bay fm 78かけて,BAYFM78
bay fm 78して,BAYFM78
bay fm 78にまわして,BAYFM78
bay fm 78に変更して,BAYFM78
bay fm 78が聞きたいです,BAYFM78
bay fm 78聞かせてください,BAYFM78
bay fm 78をかけてください,BAYFM78
bay fm 78を再生してください,BAYFM78
bay fm 78を再生して欲しい,BAYFM78
bay fm 78にしてください,BAYFM78
bay fm 78がいいです,BAYFM78
bay fm 78がいいと思う,BAYFM78
bay fm 78を聞きたい,BAYFM78
bay fm 78を聞きたいです,BAYFM78
bay fm 78に変えて,BAYFM78
bay fm 78に変えてください,BAYFM78
bay fm 78が聞きたいのですが,BAYFM78
bay fm 78を聞きたいのですが,BAYFM78
bay fm 78が聞きたいんですが,BAYFM78
bay fm 78を聞きたいんですが,BAYFM78
bay fm 78がいいのですが,BAYFM78
bay fm 78がいいんですが,BAYFM78
bay fm 78が聞きたいのですけど,BAYFM78
bay fm 78を聞きたいのですけど,BAYFM78
bay fm 78が聞きたいんですけど,BAYFM78
bay fm 78を聞きたいんですけど,BAYFM78
bay fm 78が聞きたいのですけども,BAYFM78
bay fm 78を聞きたいのですけども,BAYFM78
bay fm 78が聞きたいんですけども,BAYFM78
bay fm 78を聞きたいんですけども,BAYFM78
bay fm 78がいいのですけど,BAYFM78
bay fm 78が聞きたいと思います,BAYFM78
bay fm 78がいいと思います,BAYFM78
bay fm 78を再生して欲しいのです,BAYFM78
bay fm 78を再生して欲しいんです,BAYFM78
bay fm 78を再生して欲しいのですけど,BAYFM78
bay fm 78を再生して欲しいんですけど,BAYFM78
bay fm 78を再生して欲しいのですが,BAYFM78
bay fm 78を再生して欲しいんですが,BAYFM78
fm ナックファイブ聞きたい,NACK5
fm ナックファイブを聞かせて,NACK5
fm ナックファイブを再生,NACK5
fm ナックファイブ再生,NACK5
fm ナックファイブを再生して,NACK5
fm ナックファイブを再生,NACK5
fm ナックファイブかけて,NACK5
fm ナックファイブして,NACK5
fm ナックファイブにまわして,NACK5
fm ナックファイブに変更して,NACK5
fm ナックファイブが聞きたいです,NACK5
fm ナックファイブ聞かせてください,NACK5
fm ナックファイブをかけてください,NACK5
fm ナックファイブを再生してください,NACK5
fm ナックファイブを再生して欲しい,NACK5
fm ナックファイブにしてください,NACK5
fm ナックファイブがいいです,NACK5
fm ナックファイブがいいと思う,NACK5
fm ナックファイブを聞きたい,NACK5
fm ナックファイブを聞きたいです,NACK5
fm ナックファイブに変えて,NACK5
fm ナックファイブに変えてください,NACK5
fm ナックファイブが聞きたいのですが,NACK5
fm ナックファイブを聞きたいのですが,NACK5
fm ナックファイブが聞きたいんですが,NACK5
fm ナックファイブを聞きたいんですが,NACK5
fm ナックファイブがいいのですが,NACK5
fm ナックファイブがいいんですが,NACK5
fm ナックファイブが聞きたいのですけど,NACK5
fm ナックファイブを聞きたいのですけど,NACK5
fm ナックファイブが聞きたいんですけど,NACK5
fm ナックファイブを聞きたいんですけど,NACK5
fm ナックファイブが聞きたいのですけども,NACK5
fm ナックファイブを聞きたいのですけども,NACK5
fm ナックファイブが聞きたいんですけども,NACK5
fm ナックファイブを聞きたいんですけども,NACK5
fm ナックファイブがいいのですけど,NACK5
fm ナックファイブが聞きたいと思います,NACK5
fm ナックファイブがいいと思います,NACK5
fm ナックファイブを再生して欲しいのです,NACK5
fm ナックファイブを再生して欲しいんです,NACK5
fm ナックファイブを再生して欲しいのですけど,NACK5
fm ナックファイブを再生して欲しいんですけど,NACK5
fm ナックファイブを再生して欲しいのですが,NACK5
fm ナックファイブを再生して欲しいんですが,NACK5
fm nack 5聞きたい,NACK5
fm nack 5を聞かせて,NACK5
fm nack 5を再生,NACK5
fm nack 5再生,NACK5
fm nack 5を再生して,NACK5
fm nack 5を再生,NACK5
fm nack 5かけて,NACK5
fm nack 5して,NACK5
fm nack 5にまわして,NACK5
fm nack 5に変更して,NACK5
fm nack 5が聞きたいです,NACK5
fm nack 5聞かせてください,NACK5
fm nack 5をかけてください,NACK5
fm nack 5を再生してください,NACK5
fm nack 5を再生して欲しい,NACK5
fm nack 5にしてください,NACK5
fm nack 5がいいです,NACK5
fm nack 5がいいと思う,NACK5
fm nack 5を聞きたい,NACK5
fm nack 5を聞きたいです,NACK5
fm nack 5に変えて,NACK5
fm nack 5に変えてください,NACK5
fm nack 5が聞きたいのですが,NACK5
fm nack 5を聞きたいのですが,NACK5
fm nack 5が聞きたいんですが,NACK5
fm nack 5を聞きたいんですが,NACK5
fm nack 5がいいのですが,NACK5
fm nack 5がいいんですが,NACK5
fm nack 5が聞きたいのですけど,NACK5
fm nack 5を聞きたいのですけど,NACK5
fm nack 5が聞きたいんですけど,NACK5
fm nack 5を聞きたいんですけど,NACK5
fm nack 5が聞きたいのですけども,NACK5
fm nack 5を聞きたいのですけども,NACK5
fm nack 5が聞きたいんですけども,NACK5
fm nack 5を聞きたいんですけども,NACK5
fm nack 5がいいのですけど,NACK5
fm nack 5が聞きたいと思います,NACK5
fm nack 5がいいと思います,NACK5
fm nack 5を再生して欲しいのです,NACK5
fm nack 5を再生して欲しいんです,NACK5
fm nack 5を再生して欲しいのですけど,NACK5
fm nack 5を再生して欲しいんですけど,NACK5
fm nack 5を再生して欲しいのですが,NACK5
fm nack 5を再生して欲しいんですが,NACK5
fm nack ファイブ聞きたい,NACK5
fm nack ファイブを聞かせて,NACK5
fm nack ファイブを再生,NACK5
fm nack ファイブ再生,NACK5
fm nack ファイブを再生して,NACK5
fm nack ファイブを再生,NACK5
fm nack ファイブかけて,NACK5
fm nack ファイブして,NACK5
fm nack ファイブにまわして,NACK5
fm nack ファイブに変更して,NACK5
fm nack ファイブが聞きたいです,NACK5
fm nack ファイブ聞かせてください,NACK5
fm nack ファイブをかけてください,NACK5
fm nack ファイブを再生してください,NACK5
fm nack ファイブを再生して欲しい,NACK5
fm nack ファイブにしてください,NACK5
fm nack ファイブがいいです,NACK5
fm nack ファイブがいいと思う,NACK5
fm nack ファイブを聞きたい,NACK5
fm nack ファイブを聞きたいです,NACK5
fm nack ファイブに変えて,NACK5
fm nack ファイブに変えてください,NACK5
fm nack ファイブが聞きたいのですが,NACK5
fm nack ファイブを聞きたいのですが,NACK5
fm nack ファイブが聞きたいんですが,NACK5
fm nack ファイブを聞きたいんですが,NACK5
fm nack ファイブがいいのですが,NACK5
fm nack ファイブがいいんですが,NACK5
fm nack ファイブが聞きたいのですけど,NACK5
fm nack ファイブを聞きたいのですけど,NACK5
fm nack ファイブが聞きたいんですけど,NACK5
fm nack ファイブを聞きたいんですけど,NACK5
fm nack ファイブが聞きたいのですけども,NACK5
fm nack ファイブを聞きたいのですけども,NACK5
fm nack ファイブが聞きたいんですけども,NACK5
fm nack ファイブを聞きたいんですけども,NACK5
fm nack ファイブがいいのですけど,NACK5
fm nack ファイブが聞きたいと思います,NACK5
fm nack ファイブがいいと思います,NACK5
fm nack ファイブを再生して欲しいのです,NACK5
fm nack ファイブを再生して欲しいんです,NACK5
fm nack ファイブを再生して欲しいのですけど,NACK5
fm nack ファイブを再生して欲しいんですけど,NACK5
fm nack ファイブを再生して欲しいのですが,NACK5
fm nack ファイブを再生して欲しいんですが,NACK5
fm nack ご聞きたい,NACK5
fm nack ごを聞かせて,NACK5
fm nack ごを再生,NACK5
fm nack ご再生,NACK5
fm nack ごを再生して,NACK5
fm nack ごを再生,NACK5
fm nack ごかけて,NACK5
fm nack ごして,NACK5
fm nack ごにまわして,NACK5
fm nack ごに変更して,NACK5
fm nack ごが聞きたいです,NACK5
fm nack ご聞かせてください,NACK5
fm nack ごをかけてください,NACK5
fm nack ごを再生してください,NACK5
fm nack ごを再生して欲しい,NACK5
fm nack ごにしてください,NACK5
fm nack ごがいいです,NACK5
fm nack ごがいいと思う,NACK5
fm nack ごを聞きたい,NACK5
fm nack ごを聞きたいです,NACK5
fm nack ごに変えて,NACK5
fm nack ごに変えてください,NACK5
fm nack ごが聞きたいのですが,NACK5
fm nack ごを聞きたいのですが,NACK5
fm nack ごが聞きたいんですが,NACK5
fm nack ごを聞きたいんですが,NACK5
fm nack ごがいいのですが,NACK5
fm nack ごがいいんですが,NACK5
fm nack ごが聞きたいのですけど,NACK5
fm nack ごを聞きたいのですけど,NACK5
fm nack ごが聞きたいんですけど,NACK5
fm nack ごを聞きたいんですけど,NACK5
fm nack ごが聞きたいのですけども,NACK5
fm nack ごを聞きたいのですけども,NACK5
fm nack ごが聞きたいんですけども,NACK5
fm nack ごを聞きたいんですけども,NACK5
fm nack ごがいいのですけど,NACK5
fm nack ごが聞きたいと思います,NACK5
fm nack ごがいいと思います,NACK5
fm nack ごを再生して欲しいのです,NACK5
fm nack ごを再生して欲しいんです,NACK5
fm nack ごを再生して欲しいのですけど,NACK5
fm nack ごを再生して欲しいんですけど,NACK5
fm nack ごを再生して欲しいのですが,NACK5
fm nack ごを再生して欲しいんですが,NACK5
ナックファイブご聞きたい,NACK5
ナックファイブごを聞かせて,NACK5
ナックファイブごを再生,NACK5
ナックファイブご再生,NACK5
ナックファイブごを再生して,NACK5
ナックファイブごを再生,NACK5
ナックファイブごかけて,NACK5
ナックファイブごして,NACK5
ナックファイブごにまわして,NACK5
ナックファイブごに変更して,NACK5
ナックファイブごが聞きたいです,NACK5
ナックファイブご聞かせてください,NACK5
ナックファイブごをかけてください,NACK5
ナックファイブごを再生してください,NACK5
ナックファイブごを再生して欲しい,NACK5
ナックファイブごにしてください,NACK5
ナックファイブごがいいです,NACK5
ナックファイブごがいいと思う,NACK5
ナックファイブごを聞きたい,NACK5
ナックファイブごを聞きたいです,NACK5
ナックファイブごに変えて,NACK5
ナックファイブごに変えてください,NACK5
ナックファイブごが聞きたいのですが,NACK5
ナックファイブごを聞きたいのですが,NACK5
ナックファイブごが聞きたいんですが,NACK5
ナックファイブごを聞きたいんですが,NACK5
ナックファイブごがいいのですが,NACK5
ナックファイブごがいいんですが,NACK5
ナックファイブごが聞きたいのですけど,NACK5
ナックファイブごを聞きたいのですけど,NACK5
ナックファイブごが聞きたいんですけど,NACK5
ナックファイブごを聞きたいんですけど,NACK5
ナックファイブごが聞きたいのですけども,NACK5
ナックファイブごを聞きたいのですけども,NACK5
ナックファイブごが聞きたいんですけども,NACK5
ナックファイブごを聞きたいんですけども,NACK5
ナックファイブごがいいのですけど,NACK5
ナックファイブごが聞きたいと思います,NACK5
ナックファイブごがいいと思います,NACK5
ナックファイブごを再生して欲しいのです,NACK5
ナックファイブごを再生して欲しいんです,NACK5
ナックファイブごを再生して欲しいのですけど,NACK5
ナックファイブごを再生して欲しいんですけど,NACK5
ナックファイブごを再生して欲しいのですが,NACK5
ナックファイブごを再生して欲しいんですが,NACK5
sm 横浜聞きたい,YFM
sm 横浜を聞かせて,YFM
sm 横浜を再生,YFM
sm 横浜再生,YFM
sm 横浜を再生して,YFM
sm 横浜を再生,YFM
sm 横浜かけて,YFM
sm 横浜して,YFM
sm 横浜にまわして,YFM
sm 横浜に変更して,YFM
sm 横浜が聞きたいです,YFM
sm 横浜聞かせてください,YFM
sm 横浜をかけてください,YFM
sm 横浜を再生してください,YFM
sm 横浜を再生して欲しい,YFM
sm 横浜にしてください,YFM
sm 横浜がいいです,YFM
sm 横浜がいいと思う,YFM
sm 横浜を聞きたい,YFM
sm 横浜を聞きたいです,YFM
sm 横浜に変えて,YFM
sm 横浜に変えてください,YFM
sm 横浜が聞きたいのですが,YFM
sm 横浜を聞きたいのですが,YFM
sm 横浜が聞きたいんですが,YFM
sm 横浜を聞きたいんですが,YFM
sm 横浜がいいのですが,YFM
sm 横浜がいいんですが,YFM
sm 横浜が聞きたいのですけど,YFM
sm 横浜を聞きたいのですけど,YFM
sm 横浜が聞きたいんですけど,YFM
sm 横浜を聞きたいんですけど,YFM
sm 横浜が聞きたいのですけども,YFM
sm 横浜を聞きたいのですけども,YFM
sm 横浜が聞きたいんですけども,YFM
sm 横浜を聞きたいんですけども,YFM
sm 横浜がいいのですけど,YFM
sm 横浜が聞きたいと思います,YFM
sm 横浜がいいと思います,YFM
sm 横浜を再生して欲しいのです,YFM
sm 横浜を再生して欲しいんです,YFM
sm 横浜を再生して欲しいのですけど,YFM
sm 横浜を再生して欲しいんですけど,YFM
sm 横浜を再生して欲しいのですが,YFM
sm 横浜を再生して欲しいんですが,YFM
fm ヨコハマ聞きたい,YFM
fm ヨコハマを聞かせて,YFM
fm ヨコハマを再生,YFM
fm ヨコハマ再生,YFM
fm ヨコハマを再生して,YFM
fm ヨコハマを再生,YFM
fm ヨコハマかけて,YFM
fm ヨコハマして,YFM
fm ヨコハマにまわして,YFM
fm ヨコハマに変更して,YFM
fm ヨコハマが聞きたいです,YFM
fm ヨコハマ聞かせてください,YFM
fm ヨコハマをかけてください,YFM
fm ヨコハマを再生してください,YFM
fm ヨコハマを再生して欲しい,YFM
fm ヨコハマにしてください,YFM
fm ヨコハマがいいです,YFM
fm ヨコハマがいいと思う,YFM
fm ヨコハマを聞きたい,YFM
fm ヨコハマを聞きたいです,YFM
fm ヨコハマに変えて,YFM
fm ヨコハマに変えてください,YFM
fm ヨコハマが聞きたいのですが,YFM
fm ヨコハマを聞きたいのですが,YFM
fm ヨコハマが聞きたいんですが,YFM
fm ヨコハマを聞きたいんですが,YFM
fm ヨコハマがいいのですが,YFM
fm ヨコハマがいいんですが,YFM
fm ヨコハマが聞きたいのですけど,YFM
fm ヨコハマを聞きたいのですけど,YFM
fm ヨコハマが聞きたいんですけど,YFM
fm ヨコハマを聞きたいんですけど,YFM
fm ヨコハマが聞きたいのですけども,YFM
fm ヨコハマを聞きたいのですけども,YFM
fm ヨコハマが聞きたいんですけども,YFM
fm ヨコハマを聞きたいんですけども,YFM
fm ヨコハマがいいのですけど,YFM
fm ヨコハマが聞きたいと思います,YFM
fm ヨコハマがいいと思います,YFM
fm ヨコハマを再生して欲しいのです,YFM
fm ヨコハマを再生して欲しいんです,YFM
fm ヨコハマを再生して欲しいのですけど,YFM
fm ヨコハマを再生して欲しいんですけど,YFM
fm ヨコハマを再生して欲しいのですが,YFM
fm ヨコハマを再生して欲しいんですが,YFM
fm 横浜 放送聞きたい,YFM
fm 横浜 放送を聞かせて,YFM
fm 横浜 放送を再生,YFM
fm 横浜 放送再生,YFM
fm 横浜 放送を再生して,YFM
fm 横浜 放送を再生,YFM
fm 横浜 放送かけて,YFM
fm 横浜 放送して,YFM
fm 横浜 放送にまわして,YFM
fm 横浜 放送に変更して,YFM
fm 横浜 放送が聞きたいです,YFM
fm 横浜 放送聞かせてください,YFM
fm 横浜 放送をかけてください,YFM
fm 横浜 放送を再生してください,YFM
fm 横浜 放送を再生して欲しい,YFM
fm 横浜 放送にしてください,YFM
fm 横浜 放送がいいです,YFM
fm 横浜 放送がいいと思う,YFM
fm 横浜 放送を聞きたい,YFM
fm 横浜 放送を聞きたいです,YFM
fm 横浜 放送に変えて,YFM
fm 横浜 放送に変えてください,YFM
fm 横浜 放送が聞きたいのですが,YFM
fm 横浜 放送を聞きたいのですが,YFM
fm 横浜 放送が聞きたいんですが,YFM
fm 横浜 放送を聞きたいんですが,YFM
fm 横浜 放送がいいのですが,YFM
fm 横浜 放送がいいんですが,YFM
fm 横浜 放送が聞きたいのですけど,YFM
fm 横浜 放送を聞きたいのですけど,YFM
fm 横浜 放送が聞きたいんですけど,YFM
fm 横浜 放送を聞きたいんですけど,YFM
fm 横浜 放送が聞きたいのですけども,YFM
fm 横浜 放送を聞きたいのですけども,YFM
fm 横浜 放送が聞きたいんですけども,YFM
fm 横浜 放送を聞きたいんですけども,YFM
fm 横浜 放送がいいのですけど,YFM
fm 横浜 放送が聞きたいと思います,YFM
fm 横浜 放送がいいと思います,YFM
fm 横浜 放送を再生して欲しいのです,YFM
fm 横浜 放送を再生して欲しいんです,YFM
fm 横浜 放送を再生して欲しいのですけど,YFM
fm 横浜 放送を再生して欲しいんですけど,YFM
fm 横浜 放送を再生して欲しいのですが,YFM
fm 横浜 放送を再生して欲しいんですが,YFM
横浜 放送聞きたい,YFM
横浜 放送を聞かせて,YFM
横浜 放送を再生,YFM
横浜 放送再生,YFM
横浜 放送を再生して,YFM
横浜 放送を再生,YFM
横浜 放送かけて,YFM
横浜 放送して,YFM
横浜 放送にまわして,YFM
横浜 放送に変更して,YFM
横浜 放送が聞きたいです,YFM
横浜 放送聞かせてください,YFM
横浜 放送をかけてください,YFM
横浜 放送を再生してください,YFM
横浜 放送を再生して欲しい,YFM
横浜 放送にしてください,YFM
横浜 放送がいいです,YFM
横浜 放送がいいと思う,YFM
横浜 放送を聞きたい,YFM
横浜 放送を聞きたいです,YFM
横浜 放送に変えて,YFM
横浜 放送に変えてください,YFM
横浜 放送が聞きたいのですが,YFM
横浜 放送を聞きたいのですが,YFM
横浜 放送が聞きたいんですが,YFM
横浜 放送を聞きたいんですが,YFM
横浜 放送がいいのですが,YFM
横浜 放送がいいんですが,YFM
横浜 放送が聞きたいのですけど,YFM
横浜 放送を聞きたいのですけど,YFM
横浜 放送が聞きたいんですけど,YFM
横浜 放送を聞きたいんですけど,YFM
横浜 放送が聞きたいのですけども,YFM
横浜 放送を聞きたいのですけども,YFM
横浜 放送が聞きたいんですけども,YFM
横浜 放送を聞きたいんですけども,YFM
横浜 放送がいいのですけど,YFM
横浜 放送が聞きたいと思います,YFM
横浜 放送がいいと思います,YFM
横浜 放送を再生して欲しいのです,YFM
横浜 放送を再生して欲しいんです,YFM
横浜 放送を再生して欲しいのですけど,YFM
横浜 放送を再生して欲しいんですけど,YFM
横浜 放送を再生して欲しいのですが,YFM
横浜 放送を再生して欲しいんですが,YFM
横浜聞きたい,YFM
横浜を聞かせて,YFM
横浜を再生,YFM
横浜再生,YFM
横浜を再生して,YFM
横浜を再生,YFM
横浜かけて,YFM
横浜して,YFM
横浜にまわして,YFM
横浜に変更して,YFM
横浜が聞きたいです,YFM
横浜聞かせてください,YFM
横浜をかけてください,YFM
横浜を再生してください,YFM
横浜を再生して欲しい,YFM
横浜にしてください,YFM
横浜がいいです,YFM
横浜がいいと思う,YFM
横浜を聞きたい,YFM
横浜を聞きたいです,YFM
横浜に変えて,YFM
横浜に変えてください,YFM
横浜が聞きたいのですが,YFM
横浜を聞きたいのですが,YFM
横浜が聞きたいんですが,YFM
横浜を聞きたいんですが,YFM
横浜がいいのですが,YFM
横浜がいいんですが,YFM
横浜が聞きたいのですけど,YFM
横浜を聞きたいのですけど,YFM
横浜が聞きたいんですけど,YFM
横浜を聞きたいんですけど,YFM
横浜が聞きたいのですけども,YFM
横浜を聞きたいのですけども,YFM
横浜が聞きたいんですけども,YFM
横浜を聞きたいんですけども,YFM
横浜がいいのですけど,YFM
横浜が聞きたいと思います,YFM
横浜がいいと思います,YFM
横浜を再生して欲しいのです,YFM
横浜を再生して欲しいんです,YFM
横浜を再生して欲しいのですけど,YFM
横浜を再生して欲しいんですけど,YFM
横浜を再生して欲しいのですが,YFM
横浜を再生して欲しいんですが,YFM
放送大学聞きたい,HOUSOU-DAIGAKU
放送大学を聞かせて,HOUSOU-DAIGAKU
放送大学を再生,HOUSOU-DAIGAKU
放送大学再生,HOUSOU-DAIGAKU
放送大学を再生して,HOUSOU-DAIGAKU
放送大学を再生,HOUSOU-DAIGAKU
放送大学かけて,HOUSOU-DAIGAKU
放送大学して,HOUSOU-DAIGAKU
放送大学にまわして,HOUSOU-DAIGAKU
放送大学に変更して,HOUSOU-DAIGAKU
放送大学が聞きたいです,HOUSOU-DAIGAKU
放送大学聞かせてください,HOUSOU-DAIGAKU
放送大学をかけてください,HOUSOU-DAIGAKU
放送大学を再生してください,HOUSOU-DAIGAKU
放送大学を再生して欲しい,HOUSOU-DAIGAKU
放送大学にしてください,HOUSOU-DAIGAKU
放送大学がいいです,HOUSOU-DAIGAKU
放送大学がいいと思う,HOUSOU-DAIGAKU
放送大学を聞きたい,HOUSOU-DAIGAKU
放送大学を聞きたいです,HOUSOU-DAIGAKU
放送大学に変えて,HOUSOU-DAIGAKU
放送大学に変えてください,HOUSOU-DAIGAKU
放送大学が聞きたいのですが,HOUSOU-DAIGAKU
放送大学を聞きたいのですが,HOUSOU-DAIGAKU
放送大学が聞きたいんですが,HOUSOU-DAIGAKU
放送大学を聞きたいんですが,HOUSOU-DAIGAKU
放送大学がいいのですが,HOUSOU-DAIGAKU
放送大学がいいんですが,HOUSOU-DAIGAKU
放送大学が聞きたいのですけど,HOUSOU-DAIGAKU
放送大学を聞きたいのですけど,HOUSOU-DAIGAKU
放送大学が聞きたいんですけど,HOUSOU-DAIGAKU
放送大学を聞きたいんですけど,HOUSOU-DAIGAKU
放送大学が聞きたいのですけども,HOUSOU-DAIGAKU
放送大学を聞きたいのですけども,HOUSOU-DAIGAKU
放送大学が聞きたいんですけども,HOUSOU-DAIGAKU
放送大学を聞きたいんですけども,HOUSOU-DAIGAKU
放送大学がいいのですけど,HOUSOU-DAIGAKU
放送大学が聞きたいと思います,HOUSOU-DAIGAKU
放送大学がいいと思います,HOUSOU-DAIGAKU
放送大学を再生して欲しいのです,HOUSOU-DAIGAKU
放送大学を再生して欲しいんです,HOUSOU-DAIGAKU
放送大学を再生して欲しいのですけど,HOUSOU-DAIGAKU
放送大学を再生して欲しいんですけど,HOUSOU-DAIGAKU
放送大学を再生して欲しいのですが,HOUSOU-DAIGAKU
放送大学を再生して欲しいんですが,HOUSOU-DAIGAKU
ホウソウ大学聞きたい,HOUSOU-DAIGAKU
ホウソウ大学を聞かせて,HOUSOU-DAIGAKU
ホウソウ大学を再生,HOUSOU-DAIGAKU
ホウソウ大学再生,HOUSOU-DAIGAKU
ホウソウ大学を再生して,HOUSOU-DAIGAKU
ホウソウ大学を再生,HOUSOU-DAIGAKU
ホウソウ大学かけて,HOUSOU-DAIGAKU
ホウソウ大学して,HOUSOU-DAIGAKU
ホウソウ大学にまわして,HOUSOU-DAIGAKU
ホウソウ大学に変更して,HOUSOU-DAIGAKU
ホウソウ大学が聞きたいです,HOUSOU-DAIGAKU
ホウソウ大学聞かせてください,HOUSOU-DAIGAKU
ホウソウ大学をかけてください,HOUSOU-DAIGAKU
ホウソウ大学を再生してください,HOUSOU-DAIGAKU
ホウソウ大学を再生して欲しい,HOUSOU-DAIGAKU
ホウソウ大学にしてください,HOUSOU-DAIGAKU
ホウソウ大学がいいです,HOUSOU-DAIGAKU
ホウソウ大学がいいと思う,HOUSOU-DAIGAKU
ホウソウ大学を聞きたい,HOUSOU-DAIGAKU
ホウソウ大学を聞きたいです,HOUSOU-DAIGAKU
ホウソウ大学に変えて,HOUSOU-DAIGAKU
ホウソウ大学に変えてください,HOUSOU-DAIGAKU
ホウソウ大学が聞きたいのですが,HOUSOU-DAIGAKU
ホウソウ大学を聞きたいのですが,HOUSOU-DAIGAKU
ホウソウ大学が聞きたいんですが,HOUSOU-DAIGAKU
ホウソウ大学を聞きたいんですが,HOUSOU-DAIGAKU
ホウソウ大学がいいのですが,HOUSOU-DAIGAKU
ホウソウ大学がいいんですが,HOUSOU-DAIGAKU
ホウソウ大学が聞きたいのですけど,HOUSOU-DAIGAKU
ホウソウ大学を聞きたいのですけど,HOUSOU-DAIGAKU
ホウソウ大学が聞きたいんですけど,HOUSOU-DAIGAKU
ホウソウ大学を聞きたいんですけど,HOUSOU-DAIGAKU
ホウソウ大学が聞きたいのですけども,HOUSOU-DAIGAKU
ホウソウ大学を聞きたいのですけども,HOUSOU-DAIGAKU
ホウソウ大学が聞きたいんですけども,HOUSOU-DAIGAKU
ホウソウ大学を聞きたいんですけども,HOUSOU-DAIGAKU
ホウソウ大学がいいのですけど,HOUSOU-DAIGAKU
ホウソウ大学が聞きたいと思います,HOUSOU-DAIGAKU
ホウソウ大学がいいと思います,HOUSOU-DAIGAKU
ホウソウ大学を再生して欲しいのです,HOUSOU-DAIGAKU
ホウソウ大学を再生して欲しいんです,HOUSOU-DAIGAKU
ホウソウ大学を再生して欲しいのですけど,HOUSOU-DAIGAKU
ホウソウ大学を再生して欲しいんですけど,HOUSOU-DAIGAKU
ホウソウ大学を再生して欲しいのですが,HOUSOU-DAIGAKU
ホウソウ大学を再生して欲しいんですが,HOUSOU-DAIGAKU
ホウソウダイガク聞きたい,HOUSOU-DAIGAKU
ホウソウダイガクを聞かせて,HOUSOU-DAIGAKU
ホウソウダイガクを再生,HOUSOU-DAIGAKU
ホウソウダイガク再生,HOUSOU-DAIGAKU
ホウソウダイガクを再生して,HOUSOU-DAIGAKU
ホウソウダイガクを再生,HOUSOU-DAIGAKU
ホウソウダイガクかけて,HOUSOU-DAIGAKU
ホウソウダイガクして,HOUSOU-DAIGAKU
ホウソウダイガクにまわして,HOUSOU-DAIGAKU
ホウソウダイガクに変更して,HOUSOU-DAIGAKU
ホウソウダイガクが聞きたいです,HOUSOU-DAIGAKU
ホウソウダイガク聞かせてください,HOUSOU-DAIGAKU
ホウソウダイガクをかけてください,HOUSOU-DAIGAKU
ホウソウダイガクを再生してください,HOUSOU-DAIGAKU
ホウソウダイガクを再生して欲しい,HOUSOU-DAIGAKU
ホウソウダイガクにしてください,HOUSOU-DAIGAKU
ホウソウダイガクがいいです,HOUSOU-DAIGAKU
ホウソウダイガクがいいと思う,HOUSOU-DAIGAKU
ホウソウダイガクを聞きたい,HOUSOU-DAIGAKU
ホウソウダイガクを聞きたいです,HOUSOU-DAIGAKU
ホウソウダイガクに変えて,HOUSOU-DAIGAKU
ホウソウダイガクに変えてください,HOUSOU-DAIGAKU
ホウソウダイガクが聞きたいのですが,HOUSOU-DAIGAKU
ホウソウダイガクを聞きたいのですが,HOUSOU-DAIGAKU
ホウソウダイガクが聞きたいんですが,HOUSOU-DAIGAKU
ホウソウダイガクを聞きたいんですが,HOUSOU-DAIGAKU
ホウソウダイガクがいいのですが,HOUSOU-DAIGAKU
ホウソウダイガクがいいんですが,HOUSOU-DAIGAKU
ホウソウダイガクが聞きたいのですけど,HOUSOU-DAIGAKU
ホウソウダイガクを聞きたいのですけど,HOUSOU-DAIGAKU
ホウソウダイガクが聞きたいんですけど,HOUSOU-DAIGAKU
ホウソウダイガクを聞きたいんですけど,HOUSOU-DAIGAKU
ホウソウダイガクが聞きたいのですけども,HOUSOU-DAIGAKU
ホウソウダイガクを聞きたいのですけども,HOUSOU-DAIGAKU
ホウソウダイガクが聞きたいんですけども,HOUSOU-DAIGAKU
ホウソウダイガクを聞きたいんですけども,HOUSOU-DAIGAKU
ホウソウダイガクがいいのですけど,HOUSOU-DAIGAKU
ホウソウダイガクが聞きたいと思います,HOUSOU-DAIGAKU
ホウソウダイガクがいいと思います,HOUSOU-DAIGAKU
ホウソウダイガクを再生して欲しいのです,HOUSOU-DAIGAKU
ホウソウダイガクを再生して欲しいんです,HOUSOU-DAIGAKU
ホウソウダイガクを再生して欲しいのですけど,HOUSOU-DAIGAKU
ホウソウダイガクを再生して欲しいんですけど,HOUSOU-DAIGAKU
ホウソウダイガクを再生して欲しいのですが,HOUSOU-DAIGAKU
ホウソウダイガクを再生して欲しいんですが,HOUSOU-DAIGAKU
ほうそうだいがく聞きたい,HOUSOU-DAIGAKU
ほうそうだいがくを聞かせて,HOUSOU-DAIGAKU
ほうそうだいがくを再生,HOUSOU-DAIGAKU
ほうそうだいがく再生,HOUSOU-DAIGAKU
ほうそうだいがくを再生して,HOUSOU-DAIGAKU
ほうそうだいがくを再生,HOUSOU-DAIGAKU
ほうそうだいがくかけて,HOUSOU-DAIGAKU
ほうそうだいがくして,HOUSOU-DAIGAKU
ほうそうだいがくにまわして,HOUSOU-DAIGAKU
ほうそうだいがくに変更して,HOUSOU-DAIGAKU
ほうそうだいがくが聞きたいです,HOUSOU-DAIGAKU
ほうそうだいがく聞かせてください,HOUSOU-DAIGAKU
ほうそうだいがくをかけてください,HOUSOU-DAIGAKU
ほうそうだいがくを再生してください,HOUSOU-DAIGAKU
ほうそうだいがくを再生して欲しい,HOUSOU-DAIGAKU
ほうそうだいがくにしてください,HOUSOU-DAIGAKU
ほうそうだいがくがいいです,HOUSOU-DAIGAKU
ほうそうだいがくがいいと思う,HOUSOU-DAIGAKU
ほうそうだいがくを聞きたい,HOUSOU-DAIGAKU
ほうそうだいがくを聞きたいです,HOUSOU-DAIGAKU
ほうそうだいがくに変えて,HOUSOU-DAIGAKU
ほうそうだいがくに変えてください,HOUSOU-DAIGAKU
ほうそうだいがくが聞きたいのですが,HOUSOU-DAIGAKU
ほうそうだいがくを聞きたいのですが,HOUSOU-DAIGAKU
ほうそうだいがくが聞きたいんですが,HOUSOU-DAIGAKU
ほうそうだいがくを聞きたいんですが,HOUSOU-DAIGAKU
ほうそうだいがくがいいのですが,HOUSOU-DAIGAKU
ほうそうだいがくがいいんですが,HOUSOU-DAIGAKU
ほうそうだいがくが聞きたいのですけど,HOUSOU-DAIGAKU
ほうそうだいがくを聞きたいのですけど,HOUSOU-DAIGAKU
ほうそうだいがくが聞きたいんですけど,HOUSOU-DAIGAKU
ほうそうだいがくを聞きたいんですけど,HOUSOU-DAIGAKU
ほうそうだいがくが聞きたいのですけども,HOUSOU-DAIGAKU
ほうそうだいがくを聞きたいのですけども,HOUSOU-DAIGAKU
ほうそうだいがくが聞きたいんですけども,HOUSOU-DAIGAKU
ほうそうだいがくを聞きたいんですけども,HOUSOU-DAIGAKU
ほうそうだいがくがいいのですけど,HOUSOU-DAIGAKU
ほうそうだいがくが聞きたいと思います,HOUSOU-DAIGAKU
ほうそうだいがくがいいと思います,HOUSOU-DAIGAKU
ほうそうだいがくを再生して欲しいのです,HOUSOU-DAIGAKU
ほうそうだいがくを再生して欲しいんです,HOUSOU-DAIGAKU
ほうそうだいがくを再生して欲しいのですけど,HOUSOU-DAIGAKU
ほうそうだいがくを再生して欲しいんですけど,HOUSOU-DAIGAKU
ほうそうだいがくを再生して欲しいのですが,HOUSOU-DAIGAKU
ほうそうだいがくを再生して欲しいんですが,HOUSOU-DAIGAKU
大学放送聞きたい,HOUSOU-DAIGAKU
大学放送を聞かせて,HOUSOU-DAIGAKU
大学放送を再生,HOUSOU-DAIGAKU
大学放送再生,HOUSOU-DAIGAKU
大学放送を再生して,HOUSOU-DAIGAKU
大学放送を再生,HOUSOU-DAIGAKU
大学放送かけて,HOUSOU-DAIGAKU
大学放送して,HOUSOU-DAIGAKU
大学放送にまわして,HOUSOU-DAIGAKU
大学放送に変更して,HOUSOU-DAIGAKU
大学放送が聞きたいです,HOUSOU-DAIGAKU
大学放送聞かせてください,HOUSOU-DAIGAKU
大学放送をかけてください,HOUSOU-DAIGAKU
大学放送を再生してください,HOUSOU-DAIGAKU
大学放送を再生して欲しい,HOUSOU-DAIGAKU
大学放送にしてください,HOUSOU-DAIGAKU
大学放送がいいです,HOUSOU-DAIGAKU
大学放送がいいと思う,HOUSOU-DAIGAKU
大学放送を聞きたい,HOUSOU-DAIGAKU
大学放送を聞きたいです,HOUSOU-DAIGAKU
大学放送に変えて,HOUSOU-DAIGAKU
大学放送に変えてください,HOUSOU-DAIGAKU
大学放送が聞きたいのですが,HOUSOU-DAIGAKU
大学放送を聞きたいのですが,HOUSOU-DAIGAKU
大学放送が聞きたいんですが,HOUSOU-DAIGAKU
大学放送を聞きたいんですが,HOUSOU-DAIGAKU
大学放送がいいのですが,HOUSOU-DAIGAKU
大学放送がいいんですが,HOUSOU-DAIGAKU
大学放送が聞きたいのですけど,HOUSOU-DAIGAKU
大学放送を聞きたいのですけど,HOUSOU-DAIGAKU
大学放送が聞きたいんですけど,HOUSOU-DAIGAKU
大学放送を聞きたいんですけど,HOUSOU-DAIGAKU
大学放送が聞きたいのですけども,HOUSOU-DAIGAKU
大学放送を聞きたいのですけども,HOUSOU-DAIGAKU
大学放送が聞きたいんですけども,HOUSOU-DAIGAKU
大学放送を聞きたいんですけども,HOUSOU-DAIGAKU
大学放送がいいのですけど,HOUSOU-DAIGAKU
大学放送が聞きたいと思います,HOUSOU-DAIGAKU
大学放送がいいと思います,HOUSOU-DAIGAKU
大学放送を再生して欲しいのです,HOUSOU-DAIGAKU
大学放送を再生して欲しいんです,HOUSOU-DAIGAKU
大学放送を再生して欲しいのですけど,HOUSOU-DAIGAKU
大学放送を再生して欲しいんですけど,HOUSOU-DAIGAKU
大学放送を再生して欲しいのですが,HOUSOU-DAIGAKU
大学放送を再生して欲しいんですが,HOUSOU-DAIGAKU
nhk r 1聞きたい,radiru_r1
nhk r 1を聞かせて,radiru_r1
nhk r 1を再生,radiru_r1
nhk r 1再生,radiru_r1
nhk r 1を再生して,radiru_r1
nhk r 1を再生,radiru_r1
nhk r 1かけて,radiru_r1
nhk r 1して,radiru_r1
nhk r 1にまわして,radiru_r1
nhk r 1に変更して,radiru_r1
nhk r 1が聞きたいです,radiru_r1
nhk r 1聞かせてください,radiru_r1
nhk r 1をかけてください,radiru_r1
nhk r 1を再生してください,radiru_r1
nhk r 1を再生して欲しい,radiru_r1
nhk r 1にしてください,radiru_r1
nhk r 1がいいです,radiru_r1
nhk r 1がいいと思う,radiru_r1
nhk r 1を聞きたい,radiru_r1
nhk r 1を聞きたいです,radiru_r1
nhk r 1に変えて,radiru_r1
nhk r 1に変えてください,radiru_r1
nhk r 1が聞きたいのですが,radiru_r1
nhk r 1を聞きたいのですが,radiru_r1
nhk r 1が聞きたいんですが,radiru_r1
nhk r 1を聞きたいんですが,radiru_r1
nhk r 1がいいのですが,radiru_r1
nhk r 1がいいんですが,radiru_r1
nhk r 1が聞きたいのですけど,radiru_r1
nhk r 1を聞きたいのですけど,radiru_r1
nhk r 1が聞きたいんですけど,radiru_r1
nhk r 1を聞きたいんですけど,radiru_r1
nhk r 1が聞きたいのですけども,radiru_r1
nhk r 1を聞きたいのですけども,radiru_r1
nhk r 1が聞きたいんですけども,radiru_r1
nhk r 1を聞きたいんですけども,radiru_r1
nhk r 1がいいのですけど,radiru_r1
nhk r 1が聞きたいと思います,radiru_r1
nhk r 1がいいと思います,radiru_r1
nhk r 1を再生して欲しいのです,radiru_r1
nhk r 1を再生して欲しいんです,radiru_r1
nhk r 1を再生して欲しいのですけど,radiru_r1
nhk r 1を再生して欲しいんですけど,radiru_r1
nhk r 1を再生して欲しいのですが,radiru_r1
nhk r 1を再生して欲しいんですが,radiru_r1
nhk 第一聞きたい,radiru_r1
nhk 第一を聞かせて,radiru_r1
nhk 第一を再生,radiru_r1
nhk 第一再生,radiru_r1
nhk 第一を再生して,radiru_r1
nhk 第一を再生,radiru_r1
nhk 第一かけて,radiru_r1
nhk 第一して,radiru_r1
nhk 第一にまわして,radiru_r1
nhk 第一に変更して,radiru_r1
nhk 第一が聞きたいです,radiru_r1
nhk 第一聞かせてください,radiru_r1
nhk 第一をかけてください,radiru_r1
nhk 第一を再生してください,radiru_r1
nhk 第一を再生して欲しい,radiru_r1
nhk 第一にしてください,radiru_r1
nhk 第一がいいです,radiru_r1
nhk 第一がいいと思う,radiru_r1
nhk 第一を聞きたい,radiru_r1
nhk 第一を聞きたいです,radiru_r1
nhk 第一に変えて,radiru_r1
nhk 第一に変えてください,radiru_r1
nhk 第一が聞きたいのですが,radiru_r1
nhk 第一を聞きたいのですが,radiru_r1
nhk 第一が聞きたいんですが,radiru_r1
nhk 第一を聞きたいんですが,radiru_r1
nhk 第一がいいのですが,radiru_r1
nhk 第一がいいんですが,radiru_r1
nhk 第一が聞きたいのですけど,radiru_r1
nhk 第一を聞きたいのですけど,radiru_r1
nhk 第一が聞きたいんですけど,radiru_r1
nhk 第一を聞きたいんですけど,radiru_r1
nhk 第一が聞きたいのですけども,radiru_r1
nhk 第一を聞きたいのですけども,radiru_r1
nhk 第一が聞きたいんですけども,radiru_r1
nhk 第一を聞きたいんですけども,radiru_r1
nhk 第一がいいのですけど,radiru_r1
nhk 第一が聞きたいと思います,radiru_r1
nhk 第一がいいと思います,radiru_r1
nhk 第一を再生して欲しいのです,radiru_r1
nhk 第一を再生して欲しいんです,radiru_r1
nhk 第一を再生して欲しいのですけど,radiru_r1
nhk 第一を再生して欲しいんですけど,radiru_r1
nhk 第一を再生して欲しいのですが,radiru_r1
nhk 第一を再生して欲しいんですが,radiru_r1
nhk 第1聞きたい,radiru_r1
nhk 第1を聞かせて,radiru_r1
nhk 第1を再生,radiru_r1
nhk 第1再生,radiru_r1
nhk 第1を再生して,radiru_r1
nhk 第1を再生,radiru_r1
nhk 第1かけて,radiru_r1
nhk 第1して,radiru_r1
nhk 第1にまわして,radiru_r1
nhk 第1に変更して,radiru_r1
nhk 第1が聞きたいです,radiru_r1
nhk 第1聞かせてください,radiru_r1
nhk 第1をかけてください,radiru_r1
nhk 第1を再生してください,radiru_r1
nhk 第1を再生して欲しい,radiru_r1
nhk 第1にしてください,radiru_r1
nhk 第1がいいです,radiru_r1
nhk 第1がいいと思う,radiru_r1
nhk 第1を聞きたい,radiru_r1
nhk 第1を聞きたいです,radiru_r1
nhk 第1に変えて,radiru_r1
nhk 第1に変えてください,radiru_r1
nhk 第1が聞きたいのですが,radiru_r1
nhk 第1を聞きたいのですが,radiru_r1
nhk 第1が聞きたいんですが,radiru_r1
nhk 第1を聞きたいんですが,radiru_r1
nhk 第1がいいのですが,radiru_r1
nhk 第1がいいんですが,radiru_r1
nhk 第1が聞きたいのですけど,radiru_r1
nhk 第1を聞きたいのですけど,radiru_r1
nhk 第1が聞きたいんですけど,radiru_r1
nhk 第1を聞きたいんですけど,radiru_r1
nhk 第1が聞きたいのですけども,radiru_r1
nhk 第1を聞きたいのですけども,radiru_r1
nhk 第1が聞きたいんですけども,radiru_r1
nhk 第1を聞きたいんですけども,radiru_r1
nhk 第1がいいのですけど,radiru_r1
nhk 第1が聞きたいと思います,radiru_r1
nhk 第1がいいと思います,radiru_r1
nhk 第1を再生して欲しいのです,radiru_r1
nhk 第1を再生して欲しいんです,radiru_r1
nhk 第1を再生して欲しいのですけど,radiru_r1
nhk 第1を再生して欲しいんですけど,radiru_r1
nhk 第1を再生して欲しいのですが,radiru_r1
nhk 第1を再生して欲しいんですが,radiru_r1
nhk 1聞きたい,radiru_r1
nhk 1を聞かせて,radiru_r1
nhk 1を再生,radiru_r1
nhk 1再生,radiru_r1
nhk 1を再生して,radiru_r1
nhk 1を再生,radiru_r1
nhk 1かけて,radiru_r1
nhk 1して,radiru_r1
nhk 1にまわして,radiru_r1
nhk 1に変更して,radiru_r1
nhk 1が聞きたいです,radiru_r1
nhk 1聞かせてください,radiru_r1
nhk 1をかけてください,radiru_r1
nhk 1を再生してください,radiru_r1
nhk 1を再生して欲しい,radiru_r1
nhk 1にしてください,radiru_r1
nhk 1がいいです,radiru_r1
nhk 1がいいと思う,radiru_r1
nhk 1を聞きたい,radiru_r1
nhk 1を聞きたいです,radiru_r1
nhk 1に変えて,radiru_r1
nhk 1に変えてください,radiru_r1
nhk 1が聞きたいのですが,radiru_r1
nhk 1を聞きたいのですが,radiru_r1
nhk 1が聞きたいんですが,radiru_r1
nhk 1を聞きたいんですが,radiru_r1
nhk 1がいいのですが,radiru_r1
nhk 1がいいんですが,radiru_r1
nhk 1が聞きたいのですけど,radiru_r1
nhk 1を聞きたいのですけど,radiru_r1
nhk 1が聞きたいんですけど,radiru_r1
nhk 1を聞きたいんですけど,radiru_r1
nhk 1が聞きたいのですけども,radiru_r1
nhk 1を聞きたいのですけども,radiru_r1
nhk 1が聞きたいんですけども,radiru_r1
nhk 1を聞きたいんですけども,radiru_r1
nhk 1がいいのですけど,radiru_r1
nhk 1が聞きたいと思います,radiru_r1
nhk 1がいいと思います,radiru_r1
nhk 1を再生して欲しいのです,radiru_r1
nhk 1を再生して欲しいんです,radiru_r1
nhk 1を再生して欲しいのですけど,radiru_r1
nhk 1を再生して欲しいんですけど,radiru_r1
nhk 1を再生して欲しいのですが,radiru_r1
nhk 1を再生して欲しいんですが,radiru_r1
nhk ワン聞きたい,radiru_r1
nhk ワンを聞かせて,radiru_r1
nhk ワンを再生,radiru_r1
nhk ワン再生,radiru_r1
nhk ワンを再生して,radiru_r1
nhk ワンを再生,radiru_r1
nhk ワンかけて,radiru_r1
nhk ワンして,radiru_r1
nhk ワンにまわして,radiru_r1
nhk ワンに変更して,radiru_r1
nhk ワンが聞きたいです,radiru_r1
nhk ワン聞かせてください,radiru_r1
nhk ワンをかけてください,radiru_r1
nhk ワンを再生してください,radiru_r1
nhk ワンを再生して欲しい,radiru_r1
nhk ワンにしてください,radiru_r1
nhk ワンがいいです,radiru_r1
nhk ワンがいいと思う,radiru_r1
nhk ワンを聞きたい,radiru_r1
nhk ワンを聞きたいです,radiru_r1
nhk ワンに変えて,radiru_r1
nhk ワンに変えてください,radiru_r1
nhk ワンが聞きたいのですが,radiru_r1
nhk ワンを聞きたいのですが,radiru_r1
nhk ワンが聞きたいんですが,radiru_r1
nhk ワンを聞きたいんですが,radiru_r1
nhk ワンがいいのですが,radiru_r1
nhk ワンがいいんですが,radiru_r1
nhk ワンが聞きたいのですけど,radiru_r1
nhk ワンを聞きたいのですけど,radiru_r1
nhk ワンが聞きたいんですけど,radiru_r1
nhk ワンを聞きたいんですけど,radiru_r1
nhk ワンが聞きたいのですけども,radiru_r1
nhk ワンを聞きたいのですけども,radiru_r1
nhk ワンが聞きたいんですけども,radiru_r1
nhk ワンを聞きたいんですけども,radiru_r1
nhk ワンがいいのですけど,radiru_r1
nhk ワンが聞きたいと思います,radiru_r1
nhk ワンがいいと思います,radiru_r1
nhk ワンを再生して欲しいのです,radiru_r1
nhk ワンを再生して欲しいんです,radiru_r1
nhk ワンを再生して欲しいのですけど,radiru_r1
nhk ワンを再生して欲しいんですけど,radiru_r1
nhk ワンを再生して欲しいのですが,radiru_r1
nhk ワンを再生して欲しいんですが,radiru_r1
nhk r 2聞きたい,radiru_r2
nhk r 2を聞かせて,radiru_r2
nhk r 2を再生,radiru_r2
nhk r 2再生,radiru_r2
nhk r 2を再生して,radiru_r2
nhk r 2を再生,radiru_r2
nhk r 2かけて,radiru_r2
nhk r 2して,radiru_r2
nhk r 2にまわして,radiru_r2
nhk r 2に変更して,radiru_r2
nhk r 2が聞きたいです,radiru_r2
nhk r 2聞かせてください,radiru_r2
nhk r 2をかけてください,radiru_r2
nhk r 2を再生してください,radiru_r2
nhk r 2を再生して欲しい,radiru_r2
nhk r 2にしてください,radiru_r2
nhk r 2がいいです,radiru_r2
nhk r 2がいいと思う,radiru_r2
nhk r 2を聞きたい,radiru_r2
nhk r 2を聞きたいです,radiru_r2
nhk r 2に変えて,radiru_r2
nhk r 2に変えてください,radiru_r2
nhk r 2が聞きたいのですが,radiru_r2
nhk r 2を聞きたいのですが,radiru_r2
nhk r 2が聞きたいんですが,radiru_r2
nhk r 2を聞きたいんですが,radiru_r2
nhk r 2がいいのですが,radiru_r2
nhk r 2がいいんですが,radiru_r2
nhk r 2が聞きたいのですけど,radiru_r2
nhk r 2を聞きたいのですけど,radiru_r2
nhk r 2が聞きたいんですけど,radiru_r2
nhk r 2を聞きたいんですけど,radiru_r2
nhk r 2が聞きたいのですけども,radiru_r2
nhk r 2を聞きたいのですけども,radiru_r2
nhk r 2が聞きたいんですけども,radiru_r2
nhk r 2を聞きたいんですけども,radiru_r2
nhk r 2がいいのですけど,radiru_r2
nhk r 2が聞きたいと思います,radiru_r2
nhk r 2がいいと思います,radiru_r2
nhk r 2を再生して欲しいのです,radiru_r2
nhk r 2を再生して欲しいんです,radiru_r2
nhk r 2を再生して欲しいのですけど,radiru_r2
nhk r 2を再生して欲しいんですけど,radiru_r2
nhk r 2を再生して欲しいのですが,radiru_r2
nhk r 2を再生して欲しいんですが,radiru_r2
nhk 第二聞きたい,radiru_r2
nhk 第二を聞かせて,radiru_r2
nhk 第二を再生,radiru_r2
nhk 第二再生,radiru_r2
nhk 第二を再生して,radiru_r2
nhk 第二を再生,radiru_r2
nhk 第二かけて,radiru_r2
nhk 第二して,radiru_r2
nhk 第二にまわして,radiru_r2
nhk 第二に変更して,radiru_r2
nhk 第二が聞きたいです,radiru_r2
nhk 第二聞かせてください,radiru_r2
nhk 第二をかけてください,radiru_r2
nhk 第二を再生してください,radiru_r2
nhk 第二を再生して欲しい,radiru_r2
nhk 第二にしてください,radiru_r2
nhk 第二がいいです,radiru_r2
nhk 第二がいいと思う,radiru_r2
nhk 第二を聞きたい,radiru_r2
nhk 第二を聞きたいです,radiru_r2
nhk 第二に変えて,radiru_r2
nhk 第二に変えてください,radiru_r2
nhk 第二が聞きたいのですが,radiru_r2
nhk 第二を聞きたいのですが,radiru_r2
nhk 第二が聞きたいんですが,radiru_r2
nhk 第二を聞きたいんですが,radiru_r2
nhk 第二がいいのですが,radiru_r2
nhk 第二がいいんですが,radiru_r2
nhk 第二が聞きたいのですけど,radiru_r2
nhk 第二を聞きたいのですけど,radiru_r2
nhk 第二が聞きたいんですけど,radiru_r2
nhk 第二を聞きたいんですけど,radiru_r2
nhk 第二が聞きたいのですけども,radiru_r2
nhk 第二を聞きたいのですけども,radiru_r2
nhk 第二が聞きたいんですけども,radiru_r2
nhk 第二を聞きたいんですけども,radiru_r2
nhk 第二がいいのですけど,radiru_r2
nhk 第二が聞きたいと思います,radiru_r2
nhk 第二がいいと思います,radiru_r2
nhk 第二を再生して欲しいのです,radiru_r2
nhk 第二を再生して欲しいんです,radiru_r2
nhk 第二を再生して欲しいのですけど,radiru_r2
nhk 第二を再生して欲しいんですけど,radiru_r2
nhk 第二を再生して欲しいのですが,radiru_r2
nhk 第二を再生して欲しいんですが,radiru_r2
nhk 第2聞きたい,radiru_r2
nhk 第2を聞かせて,radiru_r2
nhk 第2を再生,radiru_r2
nhk 第2再生,radiru_r2
nhk 第2を再生して,radiru_r2
nhk 第2を再生,radiru_r2
nhk 第2かけて,radiru_r2
nhk 第2して,radiru_r2
nhk 第2にまわして,radiru_r2
nhk 第2に変更して,radiru_r2
nhk 第2が聞きたいです,radiru_r2
nhk 第2聞かせてください,radiru_r2
nhk 第2をかけてください,radiru_r2
nhk 第2を再生してください,radiru_r2
nhk 第2を再生して欲しい,radiru_r2
nhk 第2にしてください,radiru_r2
nhk 第2がいいです,radiru_r2
nhk 第2がいいと思う,radiru_r2
nhk 第2を聞きたい,radiru_r2
nhk 第2を聞きたいです,radiru_r2
nhk 第2に変えて,radiru_r2
nhk 第2に変えてください,radiru_r2
nhk 第2が聞きたいのですが,radiru_r2
nhk 第2を聞きたいのですが,radiru_r2
nhk 第2が聞きたいんですが,radiru_r2
nhk 第2を聞きたいんですが,radiru_r2
nhk 第2がいいのですが,radiru_r2
nhk 第2がいいんですが,radiru_r2
nhk 第2が聞きたいのですけど,radiru_r2
nhk 第2を聞きたいのですけど,radiru_r2
nhk 第2が聞きたいんですけど,radiru_r2
nhk 第2を聞きたいんですけど,radiru_r2
nhk 第2が聞きたいのですけども,radiru_r2
nhk 第2を聞きたいのですけども,radiru_r2
nhk 第2が聞きたいんですけども,radiru_r2
nhk 第2を聞きたいんですけども,radiru_r2
nhk 第2がいいのですけど,radiru_r2
nhk 第2が聞きたいと思います,radiru_r2
nhk 第2がいいと思います,radiru_r2
nhk 第2を再生して欲しいのです,radiru_r2
nhk 第2を再生して欲しいんです,radiru_r2
nhk 第2を再生して欲しいのですけど,radiru_r2
nhk 第2を再生して欲しいんですけど,radiru_r2
nhk 第2を再生して欲しいのですが,radiru_r2
nhk 第2を再生して欲しいんですが,radiru_r2
nhk 2聞きたい,radiru_r2
nhk 2を聞かせて,radiru_r2
nhk 2を再生,radiru_r2
nhk 2再生,radiru_r2
nhk 2を再生して,radiru_r2
nhk 2を再生,radiru_r2
nhk 2かけて,radiru_r2
nhk 2して,radiru_r2
nhk 2にまわして,radiru_r2
nhk 2に変更して,radiru_r2
nhk 2が聞きたいです,radiru_r2
nhk 2聞かせてください,radiru_r2
nhk 2をかけてください,radiru_r2
nhk 2を再生してください,radiru_r2
nhk 2を再生して欲しい,radiru_r2
nhk 2にしてください,radiru_r2
nhk 2がいいです,radiru_r2
nhk 2がいいと思う,radiru_r2
nhk 2を聞きたい,radiru_r2
nhk 2を聞きたいです,radiru_r2
nhk 2に変えて,radiru_r2
nhk 2に変えてください,radiru_r2
nhk 2が聞きたいのですが,radiru_r2
nhk 2を聞きたいのですが,radiru_r2
nhk 2が聞きたいんですが,radiru_r2
nhk 2を聞きたいんですが,radiru_r2
nhk 2がいいのですが,radiru_r2
nhk 2がいいんですが,radiru_r2
nhk 2が聞きたいのですけど,radiru_r2
nhk 2を聞きたいのですけど,radiru_r2
nhk 2が聞きたいんですけど,radiru_r2
nhk 2を聞きたいんですけど,radiru_r2
nhk 2が聞きたいのですけども,radiru_r2
nhk 2を聞きたいのですけども,radiru_r2
nhk 2が聞きたいんですけども,radiru_r2
nhk 2を聞きたいんですけども,radiru_r2
nhk 2がいいのですけど,radiru_r2
nhk 2が聞きたいと思います,radiru_r2
nhk 2がいいと思います,radiru_r2
nhk 2を再生して欲しいのです,radiru_r2
nhk 2を再生して欲しいんです,radiru_r2
nhk 2を再生して欲しいのですけど,radiru_r2
nhk 2を再生して欲しいんですけど,radiru_r2
nhk 2を再生して欲しいのですが,radiru_r2
nhk 2を再生して欲しいんですが,radiru_r2
nhk ツー聞きたい,radiru_r2
nhk ツーを聞かせて,radiru_r2
nhk ツーを再生,radiru_r2
nhk ツー再生,radiru_r2
nhk ツーを再生して,radiru_r2
nhk ツーを再生,radiru_r2
nhk ツーかけて,radiru_r2
nhk ツーして,radiru_r2
nhk ツーにまわして,radiru_r2
nhk ツーに変更して,radiru_r2
nhk ツーが聞きたいです,radiru_r2
nhk ツー聞かせてください,radiru_r2
nhk ツーをかけてください,radiru_r2
nhk ツーを再生してください,radiru_r2
nhk ツーを再生して欲しい,radiru_r2
nhk ツーにしてください,radiru_r2
nhk ツーがいいです,radiru_r2
nhk ツーがいいと思う,radiru_r2
nhk ツーを聞きたい,radiru_r2
nhk ツーを聞きたいです,radiru_r2
nhk ツーに変えて,radiru_r2
nhk ツーに変えてください,radiru_r2
nhk ツーが聞きたいのですが,radiru_r2
nhk ツーを聞きたいのですが,radiru_r2
nhk ツーが聞きたいんですが,radiru_r2
nhk ツーを聞きたいんですが,radiru_r2
nhk ツーがいいのですが,radiru_r2
nhk ツーがいいんですが,radiru_r2
nhk ツーが聞きたいのですけど,radiru_r2
nhk ツーを聞きたいのですけど,radiru_r2
nhk ツーが聞きたいんですけど,radiru_r2
nhk ツーを聞きたいんですけど,radiru_r2
nhk ツーが聞きたいのですけども,radiru_r2
nhk ツーを聞きたいのですけども,radiru_r2
nhk ツーが聞きたいんですけども,radiru_r2
nhk ツーを聞きたいんですけども,radiru_r2
nhk ツーがいいのですけど,radiru_r2
nhk ツーが聞きたいと思います,radiru_r2
nhk ツーがいいと思います,radiru_r2
nhk ツーを再生して欲しいのです,radiru_r2
nhk ツーを再生して欲しいんです,radiru_r2
nhk ツーを再生して欲しいのですけど,radiru_r2
nhk ツーを再生して欲しいんですけど,radiru_r2
nhk ツーを再生して欲しいのですが,radiru_r2
nhk ツーを再生して欲しいんですが,radiru_r2
nhk fm聞きたい,radiru_r3
nhk fmを聞かせて,radiru_r3
nhk fmを再生,radiru_r3
nhk fm再生,radiru_r3
nhk fmを再生して,radiru_r3
nhk fmを再生,radiru_r3
nhk fmかけて,radiru_r3
nhk fmして,radiru_r3
nhk fmにまわして,radiru_r3
nhk fmに変更して,radiru_r3
nhk fmが聞きたいです,radiru_r3
nhk fm聞かせてください,radiru_r3
nhk fmをかけてください,radiru_r3
nhk fmを再生してください,radiru_r3
nhk fmを再生して欲しい,radiru_r3
nhk fmにしてください,radiru_r3
nhk fmがいいです,radiru_r3
nhk fmがいいと思う,radiru_r3
nhk fmを聞きたい,radiru_r3
nhk fmを聞きたいです,radiru_r3
nhk fmに変えて,radiru_r3
nhk fmに変えてください,radiru_r3
nhk fmが聞きたいのですが,radiru_r3
nhk fmを聞きたいのですが,radiru_r3
nhk fmが聞きたいんですが,radiru_r3
nhk fmを聞きたいんですが,radiru_r3
nhk fmがいいのですが,radiru_r3
nhk fmがいいんですが,radiru_r3
nhk fmが聞きたいのですけど,radiru_r3
nhk fmを聞きたいのですけど,radiru_r3
nhk fmが聞きたいんですけど,radiru_r3
nhk fmを聞きたいんですけど,radiru_r3
nhk fmが聞きたいのですけども,radiru_r3
nhk fmを聞きたいのですけども,radiru_r3
nhk fmが聞きたいんですけども,radiru_r3
nhk fmを聞きたいんですけども,radiru_r3
nhk fmがいいのですけど,radiru_r3
nhk fmが聞きたいと思います,radiru_r3
nhk fmがいいと思います,radiru_r3
nhk fmを再生して欲しいのです,radiru_r3
nhk fmを再生して欲しいんです,radiru_r3
nhk fmを再生して欲しいのですけど,radiru_r3
nhk fmを再生して欲しいんですけど,radiru_r3
nhk fmを再生して欲しいのですが,radiru_r3
nhk fmを再生して欲しいんですが,radiru_r3
fm nhk聞きたい,radiru_r3
fm nhkを聞かせて,radiru_r3
fm nhkを再生,radiru_r3
fm nhk再生,radiru_r3
fm nhkを再生して,radiru_r3
fm nhkを再生,radiru_r3
fm nhkかけて,radiru_r3
fm nhkして,radiru_r3
fm nhkにまわして,radiru_r3
fm nhkに変更して,radiru_r3
fm nhkが聞きたいです,radiru_r3
fm nhk聞かせてください,radiru_r3
fm nhkをかけてください,radiru_r3
fm nhkを再生してください,radiru_r3
fm nhkを再生して欲しい,radiru_r3
fm nhkにしてください,radiru_r3
fm nhkがいいです,radiru_r3
fm nhkがいいと思う,radiru_r3
fm nhkを聞きたい,radiru_r3
fm nhkを聞きたいです,radiru_r3
fm nhkに変えて,radiru_r3
fm nhkに変えてください,radiru_r3
fm nhkが聞きたいのですが,radiru_r3
fm nhkを聞きたいのですが,radiru_r3
fm nhkが聞きたいんですが,radiru_r3
fm nhkを聞きたいんですが,radiru_r3
fm nhkがいいのですが,radiru_r3
fm nhkがいいんですが,radiru_r3
fm nhkが聞きたいのですけど,radiru_r3
fm nhkを聞きたいのですけど,radiru_r3
fm nhkが聞きたいんですけど,radiru_r3
fm nhkを聞きたいんですけど,radiru_r3
fm nhkが聞きたいのですけども,radiru_r3
fm nhkを聞きたいのですけども,radiru_r3
fm nhkが聞きたいんですけども,radiru_r3
fm nhkを聞きたいんですけども,radiru_r3
fm nhkがいいのですけど,radiru_r3
fm nhkが聞きたいと思います,radiru_r3
fm nhkがいいと思います,radiru_r3
fm nhkを再生して欲しいのです,radiru_r3
fm nhkを再生して欲しいんです,radiru_r3
fm nhkを再生して欲しいのですけど,radiru_r3
fm nhkを再生して欲しいんですけど,radiru_r3
fm nhkを再生して欲しいのですが,radiru_r3
fm nhkを再生して欲しいんですが,radiru_r3
nhk ラジオ聞きたい,radiru_r3
nhk ラジオを聞かせて,radiru_r3
nhk ラジオを再生,radiru_r3
nhk ラジオ再生,radiru_r3
nhk ラジオを再生して,radiru_r3
nhk ラジオを再生,radiru_r3
nhk ラジオかけて,radiru_r3
nhk ラジオして,radiru_r3
nhk ラジオにまわして,radiru_r3
nhk ラジオに変更して,radiru_r3
nhk ラジオが聞きたいです,radiru_r3
nhk ラジオ聞かせてください,radiru_r3
nhk ラジオをかけてください,radiru_r3
nhk ラジオを再生してください,radiru_r3
nhk ラジオを再生して欲しい,radiru_r3
nhk ラジオにしてください,radiru_r3
nhk ラジオがいいです,radiru_r3
nhk ラジオがいいと思う,radiru_r3
nhk ラジオを聞きたい,radiru_r3
nhk ラジオを聞きたいです,radiru_r3
nhk ラジオに変えて,radiru_r3
nhk ラジオに変えてください,radiru_r3
nhk ラジオが聞きたいのですが,radiru_r3
nhk ラジオを聞きたいのですが,radiru_r3
nhk ラジオが聞きたいんですが,radiru_r3
nhk ラジオを聞きたいんですが,radiru_r3
nhk ラジオがいいのですが,radiru_r3
nhk ラジオがいいんですが,radiru_r3
nhk ラジオが聞きたいのですけど,radiru_r3
nhk ラジオを聞きたいのですけど,radiru_r3
nhk ラジオが聞きたいんですけど,radiru_r3
nhk ラジオを聞きたいんですけど,radiru_r3
nhk ラジオが聞きたいのですけども,radiru_r3
nhk ラジオを聞きたいのですけども,radiru_r3
nhk ラジオが聞きたいんですけども,radiru_r3
nhk ラジオを聞きたいんですけども,radiru_r3
nhk ラジオがいいのですけど,radiru_r3
nhk ラジオが聞きたいと思います,radiru_r3
nhk ラジオがいいと思います,radiru_r3
nhk ラジオを再生して欲しいのです,radiru_r3
nhk ラジオを再生して欲しいんです,radiru_r3
nhk ラジオを再生して欲しいのですけど,radiru_r3
nhk ラジオを再生して欲しいんですけど,radiru_r3
nhk ラジオを再生して欲しいのですが,radiru_r3
nhk ラジオを再生して欲しいんですが,radiru_r3
ラジオ nhk聞きたい,radiru_r3
ラジオ nhkを聞かせて,radiru_r3
ラジオ nhkを再生,radiru_r3
ラジオ nhk再生,radiru_r3
ラジオ nhkを再生して,radiru_r3
ラジオ nhkを再生,radiru_r3
ラジオ nhkかけて,radiru_r3
ラジオ nhkして,radiru_r3
ラジオ nhkにまわして,radiru_r3
ラジオ nhkに変更して,radiru_r3
ラジオ nhkが聞きたいです,radiru_r3
ラジオ nhk聞かせてください,radiru_r3
ラジオ nhkをかけてください,radiru_r3
ラジオ nhkを再生してください,radiru_r3
ラジオ nhkを再生して欲しい,radiru_r3
ラジオ nhkにしてください,radiru_r3
ラジオ nhkがいいです,radiru_r3
ラジオ nhkがいいと思う,radiru_r3
ラジオ nhkを聞きたい,radiru_r3
ラジオ nhkを聞きたいです,radiru_r3
ラジオ nhkに変えて,radiru_r3
ラジオ nhkに変えてください,radiru_r3
ラジオ nhkが聞きたいのですが,radiru_r3
ラジオ nhkを聞きたいのですが,radiru_r3
ラジオ nhkが聞きたいんですが,radiru_r3
ラジオ nhkを聞きたいんですが,radiru_r3
ラジオ nhkがいいのですが,radiru_r3
ラジオ nhkがいいんですが,radiru_r3
ラジオ nhkが聞きたいのですけど,radiru_r3
ラジオ nhkを聞きたいのですけど,radiru_r3
ラジオ nhkが聞きたいんですけど,radiru_r3
ラジオ nhkを聞きたいんですけど,radiru_r3
ラジオ nhkが聞きたいのですけども,radiru_r3
ラジオ nhkを聞きたいのですけども,radiru_r3
ラジオ nhkが聞きたいんですけども,radiru_r3
ラジオ nhkを聞きたいんですけども,radiru_r3
ラジオ nhkがいいのですけど,radiru_r3
ラジオ nhkが聞きたいと思います,radiru_r3
ラジオ nhkがいいと思います,radiru_r3
ラジオ nhkを再生して欲しいのです,radiru_r3
ラジオ nhkを再生して欲しいんです,radiru_r3
ラジオ nhkを再生して欲しいのですけど,radiru_r3
ラジオ nhkを再生して欲しいんですけど,radiru_r3
ラジオ nhkを再生して欲しいのですが,radiru_r3
ラジオ nhkを再生して欲しいんですが,radiru_r3
nhk聞きたい,radiru_r3
nhkを聞かせて,radiru_r3
nhkを再生,radiru_r3
nhk再生,radiru_r3
nhkを再生して,radiru_r3
nhkを再生,radiru_r3
nhkかけて,radiru_r3
nhkして,radiru_r3
nhkにまわして,radiru_r3
nhkに変更して,radiru_r3
nhkが聞きたいです,radiru_r3
nhk聞かせてください,radiru_r3
nhkをかけてください,radiru_r3
nhkを再生してください,radiru_r3
nhkを再生して欲しい,radiru_r3
nhkにしてください,radiru_r3
nhkがいいです,radiru_r3
nhkがいいと思う,radiru_r3
nhkを聞きたい,radiru_r3
nhkを聞きたいです,radiru_r3
nhkに変えて,radiru_r3
nhkに変えてください,radiru_r3
nhkが聞きたいのですが,radiru_r3
nhkを聞きたいのですが,radiru_r3
nhkが聞きたいんですが,radiru_r3
nhkを聞きたいんですが,radiru_r3
nhkがいいのですが,radiru_r3
nhkがいいんですが,radiru_r3
nhkが聞きたいのですけど,radiru_r3
nhkを聞きたいのですけど,radiru_r3
nhkが聞きたいんですけど,radiru_r3
nhkを聞きたいんですけど,radiru_r3
nhkが聞きたいのですけども,radiru_r3
nhkを聞きたいのですけども,radiru_r3
nhkが聞きたいんですけども,radiru_r3
nhkを聞きたいんですけども,radiru_r3
nhkがいいのですけど,radiru_r3
nhkが聞きたいと思います,radiru_r3
nhkがいいと思います,radiru_r3
nhkを再生して欲しいのです,radiru_r3
nhkを再生して欲しいんです,radiru_r3
nhkを再生して欲しいのですけど,radiru_r3
nhkを再生して欲しいんですけど,radiru_r3
nhkを再生して欲しいのですが,radiru_r3
nhkを再生して欲しいんですが,radiru_r3
tbs ラジオ聞きたい,TBS
tbs ラジオを聞かせて,TBS
tbs ラジオを再生,TBS
tbs ラジオ再生,TBS
tbs ラジオを再生して,TBS
tbs ラジオを再生,TBS
tbs ラジオかけて,TBS
tbs ラジオして,TBS
tbs ラジオにまわして,TBS
tbs ラジオに変更して,TBS
tbs ラジオが聞きたいです,TBS
tbs ラジオ聞かせてください,TBS
tbs ラジオをかけてください,TBS
tbs ラジオを再生してください,TBS
tbs ラジオを再生して欲しい,TBS
tbs ラジオにしてください,TBS
tbs ラジオがいいです,TBS
tbs ラジオがいいと思う,TBS
tbs ラジオを聞きたい,TBS
tbs ラジオを聞きたいです,TBS
tbs ラジオに変えて,TBS
tbs ラジオに変えてください,TBS
tbs ラジオが聞きたいのですが,TBS
tbs ラジオを聞きたいのですが,TBS
tbs ラジオが聞きたいんですが,TBS
tbs ラジオを聞きたいんですが,TBS
tbs ラジオがいいのですが,TBS
tbs ラジオがいいんですが,TBS
tbs ラジオが聞きたいのですけど,TBS
tbs ラジオを聞きたいのですけど,TBS
tbs ラジオが聞きたいんですけど,TBS
tbs ラジオを聞きたいんですけど,TBS
tbs ラジオが聞きたいのですけども,TBS
tbs ラジオを聞きたいのですけども,TBS
tbs ラジオが聞きたいんですけども,TBS
tbs ラジオを聞きたいんですけども,TBS
tbs ラジオがいいのですけど,TBS
tbs ラジオが聞きたいと思います,TBS
tbs ラジオがいいと思います,TBS
tbs ラジオを再生して欲しいのです,TBS
tbs ラジオを再生して欲しいんです,TBS
tbs ラジオを再生して欲しいのですけど,TBS
tbs ラジオを再生して欲しいんですけど,TBS
tbs ラジオを再生して欲しいのですが,TBS
tbs ラジオを再生して欲しいんですが,TBS
tbsradio聞きたい,TBS
tbsradioを聞かせて,TBS
tbsradioを再生,TBS
tbsradio再生,TBS
tbsradioを再生して,TBS
tbsradioを再生,TBS
tbsradioかけて,TBS
tbsradioして,TBS
tbsradioにまわして,TBS
tbsradioに変更して,TBS
tbsradioが聞きたいです,TBS
tbsradio聞かせてください,TBS
tbsradioをかけてください,TBS
tbsradioを再生してください,TBS
tbsradioを再生して欲しい,TBS
tbsradioにしてください,TBS
tbsradioがいいです,TBS
tbsradioがいいと思う,TBS
tbsradioを聞きたい,TBS
tbsradioを聞きたいです,TBS
tbsradioに変えて,TBS
tbsradioに変えてください,TBS
tbsradioが聞きたいのですが,TBS
tbsradioを聞きたいのですが,TBS
tbsradioが聞きたいんですが,TBS
tbsradioを聞きたいんですが,TBS
tbsradioがいいのですが,TBS
tbsradioがいいんですが,TBS
tbsradioが聞きたいのですけど,TBS
tbsradioを聞きたいのですけど,TBS
tbsradioが聞きたいんですけど,TBS
tbsradioを聞きたいんですけど,TBS
tbsradioが聞きたいのですけども,TBS
tbsradioを聞きたいのですけども,TBS
tbsradioが聞きたいんですけども,TBS
tbsradioを聞きたいんですけども,TBS
tbsradioがいいのですけど,TBS
tbsradioが聞きたいと思います,TBS
tbsradioがいいと思います,TBS
tbsradioを再生して欲しいのです,TBS
tbsradioを再生して欲しいんです,TBS
tbsradioを再生して欲しいのですけど,TBS
tbsradioを再生して欲しいんですけど,TBS
tbsradioを再生して欲しいのですが,TBS
tbsradioを再生して欲しいんですが,TBS
ラジオ tbs聞きたい,TBS
ラジオ tbsを聞かせて,TBS
ラジオ tbsを再生,TBS
ラジオ tbs再生,TBS
ラジオ tbsを再生して,TBS
ラジオ tbsを再生,TBS
ラジオ tbsかけて,TBS
ラジオ tbsして,TBS
ラジオ tbsにまわして,TBS
ラジオ tbsに変更して,TBS
ラジオ tbsが聞きたいです,TBS
ラジオ tbs聞かせてください,TBS
ラジオ tbsをかけてください,TBS
ラジオ tbsを再生してください,TBS
ラジオ tbsを再生して欲しい,TBS
ラジオ tbsにしてください,TBS
ラジオ tbsがいいです,TBS
ラジオ tbsがいいと思う,TBS
ラジオ tbsを聞きたい,TBS
ラジオ tbsを聞きたいです,TBS
ラジオ tbsに変えて,TBS
ラジオ tbsに変えてください,TBS
ラジオ tbsが聞きたいのですが,TBS
ラジオ tbsを聞きたいのですが,TBS
ラジオ tbsが聞きたいんですが,TBS
ラジオ tbsを聞きたいんですが,TBS
ラジオ tbsがいいのですが,TBS
ラジオ tbsがいいんですが,TBS
ラジオ tbsが聞きたいのですけど,TBS
ラジオ tbsを聞きたいのですけど,TBS
ラジオ tbsが聞きたいんですけど,TBS
ラジオ tbsを聞きたいんですけど,TBS
ラジオ tbsが聞きたいのですけども,TBS
ラジオ tbsを聞きたいのですけども,TBS
ラジオ tbsが聞きたいんですけども,TBS
ラジオ tbsを聞きたいんですけども,TBS
ラジオ tbsがいいのですけど,TBS
ラジオ tbsが聞きたいと思います,TBS
ラジオ tbsがいいと思います,TBS
ラジオ tbsを再生して欲しいのです,TBS
ラジオ tbsを再生して欲しいんです,TBS
ラジオ tbsを再生して欲しいのですけど,TBS
ラジオ tbsを再生して欲しいんですけど,TBS
ラジオ tbsを再生して欲しいのですが,TBS
ラジオ tbsを再生して欲しいんですが,TBS
radio tbs聞きたい,TBS
radio tbsを聞かせて,TBS
radio tbsを再生,TBS
radio tbs再生,TBS
radio tbsを再生して,TBS
radio tbsを再生,TBS
radio tbsかけて,TBS
radio tbsして,TBS
radio tbsにまわして,TBS
radio tbsに変更して,TBS
radio tbsが聞きたいです,TBS
radio tbs聞かせてください,TBS
radio tbsをかけてください,TBS
radio tbsを再生してください,TBS
radio tbsを再生して欲しい,TBS
radio tbsにしてください,TBS
radio tbsがいいです,TBS
radio tbsがいいと思う,TBS
radio tbsを聞きたい,TBS
radio tbsを聞きたいです,TBS
radio tbsに変えて,TBS
radio tbsに変えてください,TBS
radio tbsが聞きたいのですが,TBS
radio tbsを聞きたいのですが,TBS
radio tbsが聞きたいんですが,TBS
radio tbsを聞きたいんですが,TBS
radio tbsがいいのですが,TBS
radio tbsがいいんですが,TBS
radio tbsが聞きたいのですけど,TBS
radio tbsを聞きたいのですけど,TBS
radio tbsが聞きたいんですけど,TBS
radio tbsを聞きたいんですけど,TBS
radio tbsが聞きたいのですけども,TBS
radio tbsを聞きたいのですけども,TBS
radio tbsが聞きたいんですけども,TBS
radio tbsを聞きたいんですけども,TBS
radio tbsがいいのですけど,TBS
radio tbsが聞きたいと思います,TBS
radio tbsがいいと思います,TBS
radio tbsを再生して欲しいのです,TBS
radio tbsを再生して欲しいんです,TBS
radio tbsを再生して欲しいのですけど,TBS
radio tbsを再生して欲しいんですけど,TBS
radio tbsを再生して欲しいのですが,TBS
radio tbsを再生して欲しいんですが,TBS
tbs聞きたい,TBS
tbsを聞かせて,TBS
tbsを再生,TBS
tbs再生,TBS
tbsを再生して,TBS
tbsを再生,TBS
tbsかけて,TBS
tbsして,TBS
tbsにまわして,TBS
tbsに変更して,TBS
tbsが聞きたいです,TBS
tbs聞かせてください,TBS
tbsをかけてください,TBS
tbsを再生してください,TBS
tbsを再生して欲しい,TBS
tbsにしてください,TBS
tbsがいいです,TBS
tbsがいいと思う,TBS
tbsを聞きたい,TBS
tbsを聞きたいです,TBS
tbsに変えて,TBS
tbsに変えてください,TBS
tbsが聞きたいのですが,TBS
tbsを聞きたいのですが,TBS
tbsが聞きたいんですが,TBS
tbsを聞きたいんですが,TBS
tbsがいいのですが,TBS
tbsがいいんですが,TBS
tbsが聞きたいのですけど,TBS
tbsを聞きたいのですけど,TBS
tbsが聞きたいんですけど,TBS
tbsを聞きたいんですけど,TBS
tbsが聞きたいのですけども,TBS
tbsを聞きたいのですけども,TBS
tbsが聞きたいんですけども,TBS
tbsを聞きたいんですけども,TBS
tbsがいいのですけど,TBS
tbsが聞きたいと思います,TBS
tbsがいいと思います,TBS
tbsを再生して欲しいのです,TBS
tbsを再生して欲しいんです,TBS
tbsを再生して欲しいのですけど,TBS
tbsを再生して欲しいんですけど,TBS
tbsを再生して欲しいのですが,TBS
tbsを再生して欲しいんですが,TBS
文化放送聞きたい,QRR
文化放送を聞かせて,QRR
文化放送を再生,QRR
文化放送再生,QRR
文化放送を再生して,QRR
文化放送を再生,QRR
文化放送かけて,QRR
文化放送して,QRR
文化放送にまわして,QRR
文化放送に変更して,QRR
文化放送が聞きたいです,QRR
文化放送聞かせてください,QRR
文化放送をかけてください,QRR
文化放送を再生してください,QRR
文化放送を再生して欲しい,QRR
文化放送にしてください,QRR
文化放送がいいです,QRR
文化放送がいいと思う,QRR
文化放送を聞きたい,QRR
文化放送を聞きたいです,QRR
文化放送に変えて,QRR
文化放送に変えてください,QRR
文化放送が聞きたいのですが,QRR
文化放送を聞きたいのですが,QRR
文化放送が聞きたいんですが,QRR
文化放送を聞きたいんですが,QRR
文化放送がいいのですが,QRR
文化放送がいいんですが,QRR
文化放送が聞きたいのですけど,QRR
文化放送を聞きたいのですけど,QRR
文化放送が聞きたいんですけど,QRR
文化放送を聞きたいんですけど,QRR
文化放送が聞きたいのですけども,QRR
文化放送を聞きたいのですけども,QRR
文化放送が聞きたいんですけども,QRR
文化放送を聞きたいんですけども,QRR
文化放送がいいのですけど,QRR
文化放送が聞きたいと思います,QRR
文化放送がいいと思います,QRR
文化放送を再生して欲しいのです,QRR
文化放送を再生して欲しいんです,QRR
文化放送を再生して欲しいのですけど,QRR
文化放送を再生して欲しいんですけど,QRR
文化放送を再生して欲しいのですが,QRR
文化放送を再生して欲しいんですが,QRR
放送文化聞きたい,QRR
放送文化を聞かせて,QRR
放送文化を再生,QRR
放送文化再生,QRR
放送文化を再生して,QRR
放送文化を再生,QRR
放送文化かけて,QRR
放送文化して,QRR
放送文化にまわして,QRR
放送文化に変更して,QRR
放送文化が聞きたいです,QRR
放送文化聞かせてください,QRR
放送文化をかけてください,QRR
放送文化を再生してください,QRR
放送文化を再生して欲しい,QRR
放送文化にしてください,QRR
放送文化がいいです,QRR
放送文化がいいと思う,QRR
放送文化を聞きたい,QRR
放送文化を聞きたいです,QRR
放送文化に変えて,QRR
放送文化に変えてください,QRR
放送文化が聞きたいのですが,QRR
放送文化を聞きたいのですが,QRR
放送文化が聞きたいんですが,QRR
放送文化を聞きたいんですが,QRR
放送文化がいいのですが,QRR
放送文化がいいんですが,QRR
放送文化が聞きたいのですけど,QRR
放送文化を聞きたいのですけど,QRR
放送文化が聞きたいんですけど,QRR
放送文化を聞きたいんですけど,QRR
放送文化が聞きたいのですけども,QRR
放送文化を聞きたいのですけども,QRR
放送文化が聞きたいんですけども,QRR
放送文化を聞きたいんですけども,QRR
放送文化がいいのですけど,QRR
放送文化が聞きたいと思います,QRR
放送文化がいいと思います,QRR
放送文化を再生して欲しいのです,QRR
放送文化を再生して欲しいんです,QRR
放送文化を再生して欲しいのですけど,QRR
放送文化を再生して欲しいんですけど,QRR
放送文化を再生して欲しいのですが,QRR
放送文化を再生して欲しいんですが,QRR
ブンカホウソウ聞きたい,QRR
ブンカホウソウを聞かせて,QRR
ブンカホウソウを再生,QRR
ブンカホウソウ再生,QRR
ブンカホウソウを再生して,QRR
ブンカホウソウを再生,QRR
ブンカホウソウかけて,QRR
ブンカホウソウして,QRR
ブンカホウソウにまわして,QRR
ブンカホウソウに変更して,QRR
ブンカホウソウが聞きたいです,QRR
ブンカホウソウ聞かせてください,QRR
ブンカホウソウをかけてください,QRR
ブンカホウソウを再生してください,QRR
ブンカホウソウを再生して欲しい,QRR
ブンカホウソウにしてください,QRR
ブンカホウソウがいいです,QRR
ブンカホウソウがいいと思う,QRR
ブンカホウソウを聞きたい,QRR
ブンカホウソウを聞きたいです,QRR
ブンカホウソウに変えて,QRR
ブンカホウソウに変えてください,QRR
ブンカホウソウが聞きたいのですが,QRR
ブンカホウソウを聞きたいのですが,QRR
ブンカホウソウが聞きたいんですが,QRR
ブンカホウソウを聞きたいんですが,QRR
ブンカホウソウがいいのですが,QRR
ブンカホウソウがいいんですが,QRR
ブンカホウソウが聞きたいのですけど,QRR
ブンカホウソウを聞きたいのですけど,QRR
ブンカホウソウが聞きたいんですけど,QRR
ブンカホウソウを聞きたいんですけど,QRR
ブンカホウソウが聞きたいのですけども,QRR
ブンカホウソウを聞きたいのですけども,QRR
ブンカホウソウが聞きたいんですけども,QRR
ブンカホウソウを聞きたいんですけども,QRR
ブンカホウソウがいいのですけど,QRR
ブンカホウソウが聞きたいと思います,QRR
ブンカホウソウがいいと思います,QRR
ブンカホウソウを再生して欲しいのです,QRR
ブンカホウソウを再生して欲しいんです,QRR
ブンカホウソウを再生して欲しいのですけど,QRR
ブンカホウソウを再生して欲しいんですけど,QRR
ブンカホウソウを再生して欲しいのですが,QRR
ブンカホウソウを再生して欲しいんですが,QRR
ぶんかほうそう聞きたい,QRR
ぶんかほうそうを聞かせて,QRR
ぶんかほうそうを再生,QRR
ぶんかほうそう再生,QRR
ぶんかほうそうを再生して,QRR
ぶんかほうそうを再生,QRR
ぶんかほうそうかけて,QRR
ぶんかほうそうして,QRR
ぶんかほうそうにまわして,QRR
ぶんかほうそうに変更して,QRR
ぶんかほうそうが聞きたいです,QRR
ぶんかほうそう聞かせてください,QRR
ぶんかほうそうをかけてください,QRR
ぶんかほうそうを再生してください,QRR
ぶんかほうそうを再生して欲しい,QRR
ぶんかほうそうにしてください,QRR
ぶんかほうそうがいいです,QRR
ぶんかほうそうがいいと思う,QRR
ぶんかほうそうを聞きたい,QRR
ぶんかほうそうを聞きたいです,QRR
ぶんかほうそうに変えて,QRR
ぶんかほうそうに変えてください,QRR
ぶんかほうそうが聞きたいのですが,QRR
ぶんかほうそうを聞きたいのですが,QRR
ぶんかほうそうが聞きたいんですが,QRR
ぶんかほうそうを聞きたいんですが,QRR
ぶんかほうそうがいいのですが,QRR
ぶんかほうそうがいいんですが,QRR
ぶんかほうそうが聞きたいのですけど,QRR
ぶんかほうそうを聞きたいのですけど,QRR
ぶんかほうそうが聞きたいんですけど,QRR
ぶんかほうそうを聞きたいんですけど,QRR
ぶんかほうそうが聞きたいのですけども,QRR
ぶんかほうそうを聞きたいのですけども,QRR
ぶんかほうそうが聞きたいんですけども,QRR
ぶんかほうそうを聞きたいんですけども,QRR
ぶんかほうそうがいいのですけど,QRR
ぶんかほうそうが聞きたいと思います,QRR
ぶんかほうそうがいいと思います,QRR
ぶんかほうそうを再生して欲しいのです,QRR
ぶんかほうそうを再生して欲しいんです,QRR
ぶんかほうそうを再生して欲しいのですけど,QRR
ぶんかほうそうを再生して欲しいんですけど,QRR
ぶんかほうそうを再生して欲しいのですが,QRR
ぶんかほうそうを再生して欲しいんですが,QRR
文化 放送聞きたい,QRR
文化 放送を聞かせて,QRR
文化 放送を再生,QRR
文化 放送再生,QRR
文化 放送を再生して,QRR
文化 放送を再生,QRR
文化 放送かけて,QRR
文化 放送して,QRR
文化 放送にまわして,QRR
文化 放送に変更して,QRR
文化 放送が聞きたいです,QRR
文化 放送聞かせてください,QRR
文化 放送をかけてください,QRR
文化 放送を再生してください,QRR
文化 放送を再生して欲しい,QRR
文化 放送にしてください,QRR
文化 放送がいいです,QRR
文化 放送がいいと思う,QRR
文化 放送を聞きたい,QRR
文化 放送を聞きたいです,QRR
文化 放送に変えて,QRR
文化 放送に変えてください,QRR
文化 放送が聞きたいのですが,QRR
文化 放送を聞きたいのですが,QRR
文化 放送が聞きたいんですが,QRR
文化 放送を聞きたいんですが,QRR
文化 放送がいいのですが,QRR
文化 放送がいいんですが,QRR
文化 放送が聞きたいのですけど,QRR
文化 放送を聞きたいのですけど,QRR
文化 放送が聞きたいんですけど,QRR
文化 放送を聞きたいんですけど,QRR
文化 放送が聞きたいのですけども,QRR
文化 放送を聞きたいのですけども,QRR
文化 放送が聞きたいんですけども,QRR
文化 放送を聞きたいんですけども,QRR
文化 放送がいいのですけど,QRR
文化 放送が聞きたいと思います,QRR
文化 放送がいいと思います,QRR
文化 放送を再生して欲しいのです,QRR
文化 放送を再生して欲しいんです,QRR
文化 放送を再生して欲しいのですけど,QRR
文化 放送を再生して欲しいんですけど,QRR
文化 放送を再生して欲しいのですが,QRR
文化 放送を再生して欲しいんですが,QRR
ニッポン放送聞きたい,LFR
ニッポン放送を聞かせて,LFR
ニッポン放送を再生,LFR
ニッポン放送再生,LFR
ニッポン放送を再生して,LFR
ニッポン放送を再生,LFR
ニッポン放送かけて,LFR
ニッポン放送して,LFR
ニッポン放送にまわして,LFR
ニッポン放送に変更して,LFR
ニッポン放送が聞きたいです,LFR
ニッポン放送聞かせてください,LFR
ニッポン放送をかけてください,LFR
ニッポン放送を再生してください,LFR
ニッポン放送を再生して欲しい,LFR
ニッポン放送にしてください,LFR
ニッポン放送がいいです,LFR
ニッポン放送がいいと思う,LFR
ニッポン放送を聞きたい,LFR
ニッポン放送を聞きたいです,LFR
ニッポン放送に変えて,LFR
ニッポン放送に変えてください,LFR
ニッポン放送が聞きたいのですが,LFR
ニッポン放送を聞きたいのですが,LFR
ニッポン放送が聞きたいんですが,LFR
ニッポン放送を聞きたいんですが,LFR
ニッポン放送がいいのですが,LFR
ニッポン放送がいいんですが,LFR
ニッポン放送が聞きたいのですけど,LFR
ニッポン放送を聞きたいのですけど,LFR
ニッポン放送が聞きたいんですけど,LFR
ニッポン放送を聞きたいんですけど,LFR
ニッポン放送が聞きたいのですけども,LFR
ニッポン放送を聞きたいのですけども,LFR
ニッポン放送が聞きたいんですけども,LFR
ニッポン放送を聞きたいんですけども,LFR
ニッポン放送がいいのですけど,LFR
ニッポン放送が聞きたいと思います,LFR
ニッポン放送がいいと思います,LFR
ニッポン放送を再生して欲しいのです,LFR
ニッポン放送を再生して欲しいんです,LFR
ニッポン放送を再生して欲しいのですけど,LFR
ニッポン放送を再生して欲しいんですけど,LFR
ニッポン放送を再生して欲しいのですが,LFR
ニッポン放送を再生して欲しいんですが,LFR
日本放送聞きたい,LFR
日本放送を聞かせて,LFR
日本放送を再生,LFR
日本放送再生,LFR
日本放送を再生して,LFR
日本放送を再生,LFR
日本放送かけて,LFR
日本放送して,LFR
日本放送にまわして,LFR
日本放送に変更して,LFR
日本放送が聞きたいです,LFR
日本放送聞かせてください,LFR
日本放送をかけてください,LFR
日本放送を再生してください,LFR
日本放送を再生して欲しい,LFR
日本放送にしてください,LFR
日本放送がいいです,LFR
日本放送がいいと思う,LFR
日本放送を聞きたい,LFR
日本放送を聞きたいです,LFR
日本放送に変えて,LFR
日本放送に変えてください,LFR
日本放送が聞きたいのですが,LFR
日本放送を聞きたいのですが,LFR
日本放送が聞きたいんですが,LFR
日本放送を聞きたいんですが,LFR
日本放送がいいのですが,LFR
日本放送がいいんですが,LFR
日本放送が聞きたいのですけど,LFR
日本放送を聞きたいのですけど,LFR
日本放送が聞きたいんですけど,LFR
日本放送を聞きたいんですけど,LFR
日本放送が聞きたいのですけども,LFR
日本放送を聞きたいのですけども,LFR
日本放送が聞きたいんですけども,LFR
日本放送を聞きたいんですけども,LFR
日本放送がいいのですけど,LFR
日本放送が聞きたいと思います,LFR
日本放送がいいと思います,LFR
日本放送を再生して欲しいのです,LFR
日本放送を再生して欲しいんです,LFR
日本放送を再生して欲しいのですけど,LFR
日本放送を再生して欲しいんですけど,LFR
日本放送を再生して欲しいのですが,LFR
日本放送を再生して欲しいんですが,LFR
にほん放送聞きたい,LFR
にほん放送を聞かせて,LFR
にほん放送を再生,LFR
にほん放送再生,LFR
にほん放送を再生して,LFR
にほん放送を再生,LFR
にほん放送かけて,LFR
にほん放送して,LFR
にほん放送にまわして,LFR
にほん放送に変更して,LFR
にほん放送が聞きたいです,LFR
にほん放送聞かせてください,LFR
にほん放送をかけてください,LFR
にほん放送を再生してください,LFR
にほん放送を再生して欲しい,LFR
にほん放送にしてください,LFR
にほん放送がいいです,LFR
にほん放送がいいと思う,LFR
にほん放送を聞きたい,LFR
にほん放送を聞きたいです,LFR
にほん放送に変えて,LFR
にほん放送に変えてください,LFR
にほん放送が聞きたいのですが,LFR
にほん放送を聞きたいのですが,LFR
にほん放送が聞きたいんですが,LFR
にほん放送を聞きたいんですが,LFR
にほん放送がいいのですが,LFR
にほん放送がいいんですが,LFR
にほん放送が聞きたいのですけど,LFR
にほん放送を聞きたいのですけど,LFR
にほん放送が聞きたいんですけど,LFR
にほん放送を聞きたいんですけど,LFR
にほん放送が聞きたいのですけども,LFR
にほん放送を聞きたいのですけども,LFR
にほん放送が聞きたいんですけども,LFR
にほん放送を聞きたいんですけども,LFR
にほん放送がいいのですけど,LFR
にほん放送が聞きたいと思います,LFR
にほん放送がいいと思います,LFR
にほん放送を再生して欲しいのです,LFR
にほん放送を再生して欲しいんです,LFR
にほん放送を再生して欲しいのですけど,LFR
にほん放送を再生して欲しいんですけど,LFR
にほん放送を再生して欲しいのですが,LFR
にほん放送を再生して欲しいんですが,LFR
ニッポン ホウソウ聞きたい,LFR
ニッポン ホウソウを聞かせて,LFR
ニッポン ホウソウを再生,LFR
ニッポン ホウソウ再生,LFR
ニッポン ホウソウを再生して,LFR
ニッポン ホウソウを再生,LFR
ニッポン ホウソウかけて,LFR
ニッポン ホウソウして,LFR
ニッポン ホウソウにまわして,LFR
ニッポン ホウソウに変更して,LFR
ニッポン ホウソウが聞きたいです,LFR
ニッポン ホウソウ聞かせてください,LFR
ニッポン ホウソウをかけてください,LFR
ニッポン ホウソウを再生してください,LFR
ニッポン ホウソウを再生して欲しい,LFR
ニッポン ホウソウにしてください,LFR
ニッポン ホウソウがいいです,LFR
ニッポン ホウソウがいいと思う,LFR
ニッポン ホウソウを聞きたい,LFR
ニッポン ホウソウを聞きたいです,LFR
ニッポン ホウソウに変えて,LFR
ニッポン ホウソウに変えてください,LFR
ニッポン ホウソウが聞きたいのですが,LFR
ニッポン ホウソウを聞きたいのですが,LFR
ニッポン ホウソウが聞きたいんですが,LFR
ニッポン ホウソウを聞きたいんですが,LFR
ニッポン ホウソウがいいのですが,LFR
ニッポン ホウソウがいいんですが,LFR
ニッポン ホウソウが聞きたいのですけど,LFR
ニッポン ホウソウを聞きたいのですけど,LFR
ニッポン ホウソウが聞きたいんですけど,LFR
ニッポン ホウソウを聞きたいんですけど,LFR
ニッポン ホウソウが聞きたいのですけども,LFR
ニッポン ホウソウを聞きたいのですけども,LFR
ニッポン ホウソウが聞きたいんですけども,LFR
ニッポン ホウソウを聞きたいんですけども,LFR
ニッポン ホウソウがいいのですけど,LFR
ニッポン ホウソウが聞きたいと思います,LFR
ニッポン ホウソウがいいと思います,LFR
ニッポン ホウソウを再生して欲しいのです,LFR
ニッポン ホウソウを再生して欲しいんです,LFR
ニッポン ホウソウを再生して欲しいのですけど,LFR
ニッポン ホウソウを再生して欲しいんですけど,LFR
ニッポン ホウソウを再生して欲しいのですが,LFR
ニッポン ホウソウを再生して欲しいんですが,LFR
にほんほうそう聞きたい,LFR
にほんほうそうを聞かせて,LFR
にほんほうそうを再生,LFR
にほんほうそう再生,LFR
にほんほうそうを再生して,LFR
にほんほうそうを再生,LFR
にほんほうそうかけて,LFR
にほんほうそうして,LFR
にほんほうそうにまわして,LFR
にほんほうそうに変更して,LFR
にほんほうそうが聞きたいです,LFR
にほんほうそう聞かせてください,LFR
にほんほうそうをかけてください,LFR
にほんほうそうを再生してください,LFR
にほんほうそうを再生して欲しい,LFR
にほんほうそうにしてください,LFR
にほんほうそうがいいです,LFR
にほんほうそうがいいと思う,LFR
にほんほうそうを聞きたい,LFR
にほんほうそうを聞きたいです,LFR
にほんほうそうに変えて,LFR
にほんほうそうに変えてください,LFR
にほんほうそうが聞きたいのですが,LFR
にほんほうそうを聞きたいのですが,LFR
にほんほうそうが聞きたいんですが,LFR
にほんほうそうを聞きたいんですが,LFR
にほんほうそうがいいのですが,LFR
にほんほうそうがいいんですが,LFR
にほんほうそうが聞きたいのですけど,LFR
にほんほうそうを聞きたいのですけど,LFR
にほんほうそうが聞きたいんですけど,LFR
にほんほうそうを聞きたいんですけど,LFR
にほんほうそうが聞きたいのですけども,LFR
にほんほうそうを聞きたいのですけども,LFR
にほんほうそうが聞きたいんですけども,LFR
にほんほうそうを聞きたいんですけども,LFR
にほんほうそうがいいのですけど,LFR
にほんほうそうが聞きたいと思います,LFR
にほんほうそうがいいと思います,LFR
にほんほうそうを再生して欲しいのです,LFR
にほんほうそうを再生して欲しいんです,LFR
にほんほうそうを再生して欲しいのですけど,LFR
にほんほうそうを再生して欲しいんですけど,LFR
にほんほうそうを再生して欲しいのですが,LFR
にほんほうそうを再生して欲しいんですが,LFR
ラジオ日経第一聞きたい,RN1
ラジオ日経第一を聞かせて,RN1
ラジオ日経第一を再生,RN1
ラジオ日経第一再生,RN1
ラジオ日経第一を再生して,RN1
ラジオ日経第一を再生,RN1
ラジオ日経第一かけて,RN1
ラジオ日経第一して,RN1
ラジオ日経第一にまわして,RN1
ラジオ日経第一に変更して,RN1
ラジオ日経第一が聞きたいです,RN1
ラジオ日経第一聞かせてください,RN1
ラジオ日経第一をかけてください,RN1
ラジオ日経第一を再生してください,RN1
ラジオ日経第一を再生して欲しい,RN1
ラジオ日経第一にしてください,RN1
ラジオ日経第一がいいです,RN1
ラジオ日経第一がいいと思う,RN1
ラジオ日経第一を聞きたい,RN1
ラジオ日経第一を聞きたいです,RN1
ラジオ日経第一に変えて,RN1
ラジオ日経第一に変えてください,RN1
ラジオ日経第一が聞きたいのですが,RN1
ラジオ日経第一を聞きたいのですが,RN1
ラジオ日経第一が聞きたいんですが,RN1
ラジオ日経第一を聞きたいんですが,RN1
ラジオ日経第一がいいのですが,RN1
ラジオ日経第一がいいんですが,RN1
ラジオ日経第一が聞きたいのですけど,RN1
ラジオ日経第一を聞きたいのですけど,RN1
ラジオ日経第一が聞きたいんですけど,RN1
ラジオ日経第一を聞きたいんですけど,RN1
ラジオ日経第一が聞きたいのですけども,RN1
ラジオ日経第一を聞きたいのですけども,RN1
ラジオ日経第一が聞きたいんですけども,RN1
ラジオ日経第一を聞きたいんですけども,RN1
ラジオ日経第一がいいのですけど,RN1
ラジオ日経第一が聞きたいと思います,RN1
ラジオ日経第一がいいと思います,RN1
ラジオ日経第一を再生して欲しいのです,RN1
ラジオ日経第一を再生して欲しいんです,RN1
ラジオ日経第一を再生して欲しいのですけど,RN1
ラジオ日経第一を再生して欲しいんですけど,RN1
ラジオ日経第一を再生して欲しいのですが,RN1
ラジオ日経第一を再生して欲しいんですが,RN1
ラジオ日経 rn 1聞きたい,RN1
ラジオ日経 rn 1を聞かせて,RN1
ラジオ日経 rn 1を再生,RN1
ラジオ日経 rn 1再生,RN1
ラジオ日経 rn 1を再生して,RN1
ラジオ日経 rn 1を再生,RN1
ラジオ日経 rn 1かけて,RN1
ラジオ日経 rn 1して,RN1
ラジオ日経 rn 1にまわして,RN1
ラジオ日経 rn 1に変更して,RN1
ラジオ日経 rn 1が聞きたいです,RN1
ラジオ日経 rn 1聞かせてください,RN1
ラジオ日経 rn 1をかけてください,RN1
ラジオ日経 rn 1を再生してください,RN1
ラジオ日経 rn 1を再生して欲しい,RN1
ラジオ日経 rn 1にしてください,RN1
ラジオ日経 rn 1がいいです,RN1
ラジオ日経 rn 1がいいと思う,RN1
ラジオ日経 rn 1を聞きたい,RN1
ラジオ日経 rn 1を聞きたいです,RN1
ラジオ日経 rn 1に変えて,RN1
ラジオ日経 rn 1に変えてください,RN1
ラジオ日経 rn 1が聞きたいのですが,RN1
ラジオ日経 rn 1を聞きたいのですが,RN1
ラジオ日経 rn 1が聞きたいんですが,RN1
ラジオ日経 rn 1を聞きたいんですが,RN1
ラジオ日経 rn 1がいいのですが,RN1
ラジオ日経 rn 1がいいんですが,RN1
ラジオ日経 rn 1が聞きたいのですけど,RN1
ラジオ日経 rn 1を聞きたいのですけど,RN1
ラジオ日経 rn 1が聞きたいんですけど,RN1
ラジオ日経 rn 1を聞きたいんですけど,RN1
ラジオ日経 rn 1が聞きたいのですけども,RN1
ラジオ日経 rn 1を聞きたいのですけども,RN1
ラジオ日経 rn 1が聞きたいんですけども,RN1
ラジオ日経 rn 1を聞きたいんですけども,RN1
ラジオ日経 rn 1がいいのですけど,RN1
ラジオ日経 rn 1が聞きたいと思います,RN1
ラジオ日経 rn 1がいいと思います,RN1
ラジオ日経 rn 1を再生して欲しいのです,RN1
ラジオ日経 rn 1を再生して欲しいんです,RN1
ラジオ日経 rn 1を再生して欲しいのですけど,RN1
ラジオ日経 rn 1を再生して欲しいんですけど,RN1
ラジオ日経 rn 1を再生して欲しいのですが,RN1
ラジオ日経 rn 1を再生して欲しいんですが,RN1
日経第一聞きたい,RN1
日経第一を聞かせて,RN1
日経第一を再生,RN1
日経第一再生,RN1
日経第一を再生して,RN1
日経第一を再生,RN1
日経第一かけて,RN1
日経第一して,RN1
日経第一にまわして,RN1
日経第一に変更して,RN1
日経第一が聞きたいです,RN1
日経第一聞かせてください,RN1
日経第一をかけてください,RN1
日経第一を再生してください,RN1
日経第一を再生して欲しい,RN1
日経第一にしてください,RN1
日経第一がいいです,RN1
日経第一がいいと思う,RN1
日経第一を聞きたい,RN1
日経第一を聞きたいです,RN1
日経第一に変えて,RN1
日経第一に変えてください,RN1
日経第一が聞きたいのですが,RN1
日経第一を聞きたいのですが,RN1
日経第一が聞きたいんですが,RN1
日経第一を聞きたいんですが,RN1
日経第一がいいのですが,RN1
日経第一がいいんですが,RN1
日経第一が聞きたいのですけど,RN1
日経第一を聞きたいのですけど,RN1
日経第一が聞きたいんですけど,RN1
日経第一を聞きたいんですけど,RN1
日経第一が聞きたいのですけども,RN1
日経第一を聞きたいのですけども,RN1
日経第一が聞きたいんですけども,RN1
日経第一を聞きたいんですけども,RN1
日経第一がいいのですけど,RN1
日経第一が聞きたいと思います,RN1
日経第一がいいと思います,RN1
日経第一を再生して欲しいのです,RN1
日経第一を再生して欲しいんです,RN1
日経第一を再生して欲しいのですけど,RN1
日経第一を再生して欲しいんですけど,RN1
日経第一を再生して欲しいのですが,RN1
日経第一を再生して欲しいんですが,RN1
日経 rn 1聞きたい,RN1
日経 rn 1を聞かせて,RN1
日経 rn 1を再生,RN1
日経 rn 1再生,RN1
日経 rn 1を再生して,RN1
日経 rn 1を再生,RN1
日経 rn 1かけて,RN1
日経 rn 1して,RN1
日経 rn 1にまわして,RN1
日経 rn 1に変更して,RN1
日経 rn 1が聞きたいです,RN1
日経 rn 1聞かせてください,RN1
日経 rn 1をかけてください,RN1
日経 rn 1を再生してください,RN1
日経 rn 1を再生して欲しい,RN1
日経 rn 1にしてください,RN1
日経 rn 1がいいです,RN1
日経 rn 1がいいと思う,RN1
日経 rn 1を聞きたい,RN1
日経 rn 1を聞きたいです,RN1
日経 rn 1に変えて,RN1
日経 rn 1に変えてください,RN1
日経 rn 1が聞きたいのですが,RN1
日経 rn 1を聞きたいのですが,RN1
日経 rn 1が聞きたいんですが,RN1
日経 rn 1を聞きたいんですが,RN1
日経 rn 1がいいのですが,RN1
日経 rn 1がいいんですが,RN1
日経 rn 1が聞きたいのですけど,RN1
日経 rn 1を聞きたいのですけど,RN1
日経 rn 1が聞きたいんですけど,RN1
日経 rn 1を聞きたいんですけど,RN1
日経 rn 1が聞きたいのですけども,RN1
日経 rn 1を聞きたいのですけども,RN1
日経 rn 1が聞きたいんですけども,RN1
日経 rn 1を聞きたいんですけども,RN1
日経 rn 1がいいのですけど,RN1
日経 rn 1が聞きたいと思います,RN1
日経 rn 1がいいと思います,RN1
日経 rn 1を再生して欲しいのです,RN1
日経 rn 1を再生して欲しいんです,RN1
日経 rn 1を再生して欲しいのですけど,RN1
日経 rn 1を再生して欲しいんですけど,RN1
日経 rn 1を再生して欲しいのですが,RN1
日経 rn 1を再生して欲しいんですが,RN1
日経 ワン聞きたい,RN1
日経 ワンを聞かせて,RN1
日経 ワンを再生,RN1
日経 ワン再生,RN1
日経 ワンを再生して,RN1
日経 ワンを再生,RN1
日経 ワンかけて,RN1
日経 ワンして,RN1
日経 ワンにまわして,RN1
日経 ワンに変更して,RN1
日経 ワンが聞きたいです,RN1
日経 ワン聞かせてください,RN1
日経 ワンをかけてください,RN1
日経 ワンを再生してください,RN1
日経 ワンを再生して欲しい,RN1
日経 ワンにしてください,RN1
日経 ワンがいいです,RN1
日経 ワンがいいと思う,RN1
日経 ワンを聞きたい,RN1
日経 ワンを聞きたいです,RN1
日経 ワンに変えて,RN1
日経 ワンに変えてください,RN1
日経 ワンが聞きたいのですが,RN1
日経 ワンを聞きたいのですが,RN1
日経 ワンが聞きたいんですが,RN1
日経 ワンを聞きたいんですが,RN1
日経 ワンがいいのですが,RN1
日経 ワンがいいんですが,RN1
日経 ワンが聞きたいのですけど,RN1
日経 ワンを聞きたいのですけど,RN1
日経 ワンが聞きたいんですけど,RN1
日経 ワンを聞きたいんですけど,RN1
日経 ワンが聞きたいのですけども,RN1
日経 ワンを聞きたいのですけども,RN1
日経 ワンが聞きたいんですけども,RN1
日経 ワンを聞きたいんですけども,RN1
日経 ワンがいいのですけど,RN1
日経 ワンが聞きたいと思います,RN1
日経 ワンがいいと思います,RN1
日経 ワンを再生して欲しいのです,RN1
日経 ワンを再生して欲しいんです,RN1
日経 ワンを再生して欲しいのですけど,RN1
日経 ワンを再生して欲しいんですけど,RN1
日経 ワンを再生して欲しいのですが,RN1
日経 ワンを再生して欲しいんですが,RN1
ラジオ日経第二聞きたい,RN2
ラジオ日経第二を聞かせて,RN2
ラジオ日経第二を再生,RN2
ラジオ日経第二再生,RN2
ラジオ日経第二を再生して,RN2
ラジオ日経第二を再生,RN2
ラジオ日経第二かけて,RN2
ラジオ日経第二して,RN2
ラジオ日経第二にまわして,RN2
ラジオ日経第二に変更して,RN2
ラジオ日経第二が聞きたいです,RN2
ラジオ日経第二聞かせてください,RN2
ラジオ日経第二をかけてください,RN2
ラジオ日経第二を再生してください,RN2
ラジオ日経第二を再生して欲しい,RN2
ラジオ日経第二にしてください,RN2
ラジオ日経第二がいいです,RN2
ラジオ日経第二がいいと思う,RN2
ラジオ日経第二を聞きたい,RN2
ラジオ日経第二を聞きたいです,RN2
ラジオ日経第二に変えて,RN2
ラジオ日経第二に変えてください,RN2
ラジオ日経第二が聞きたいのですが,RN2
ラジオ日経第二を聞きたいのですが,RN2
ラジオ日経第二が聞きたいんですが,RN2
ラジオ日経第二を聞きたいんですが,RN2
ラジオ日経第二がいいのですが,RN2
ラジオ日経第二がいいんですが,RN2
ラジオ日経第二が聞きたいのですけど,RN2
ラジオ日経第二を聞きたいのですけど,RN2
ラジオ日経第二が聞きたいんですけど,RN2
ラジオ日経第二を聞きたいんですけど,RN2
ラジオ日経第二が聞きたいのですけども,RN2
ラジオ日経第二を聞きたいのですけども,RN2
ラジオ日経第二が聞きたいんですけども,RN2
ラジオ日経第二を聞きたいんですけども,RN2
ラジオ日経第二がいいのですけど,RN2
ラジオ日経第二が聞きたいと思います,RN2
ラジオ日経第二がいいと思います,RN2
ラジオ日経第二を再生して欲しいのです,RN2
ラジオ日経第二を再生して欲しいんです,RN2
ラジオ日経第二を再生して欲しいのですけど,RN2
ラジオ日経第二を再生して欲しいんですけど,RN2
ラジオ日経第二を再生して欲しいのですが,RN2
ラジオ日経第二を再生して欲しいんですが,RN2
ラジオ日経 rn 2聞きたい,RN2
ラジオ日経 rn 2を聞かせて,RN2
ラジオ日経 rn 2を再生,RN2
ラジオ日経 rn 2再生,RN2
ラジオ日経 rn 2を再生して,RN2
ラジオ日経 rn 2を再生,RN2
ラジオ日経 rn 2かけて,RN2
ラジオ日経 rn 2して,RN2
ラジオ日経 rn 2にまわして,RN2
ラジオ日経 rn 2に変更して,RN2
ラジオ日経 rn 2が聞きたいです,RN2
ラジオ日経 rn 2聞かせてください,RN2
ラジオ日経 rn 2をかけてください,RN2
ラジオ日経 rn 2を再生してください,RN2
ラジオ日経 rn 2を再生して欲しい,RN2
ラジオ日経 rn 2にしてください,RN2
ラジオ日経 rn 2がいいです,RN2
ラジオ日経 rn 2がいいと思う,RN2
ラジオ日経 rn 2を聞きたい,RN2
ラジオ日経 rn 2を聞きたいです,RN2
ラジオ日経 rn 2に変えて,RN2
ラジオ日経 rn 2に変えてください,RN2
ラジオ日経 rn 2が聞きたいのですが,RN2
ラジオ日経 rn 2を聞きたいのですが,RN2
ラジオ日経 rn 2が聞きたいんですが,RN2
ラジオ日経 rn 2を聞きたいんですが,RN2
ラジオ日経 rn 2がいいのですが,RN2
ラジオ日経 rn 2がいいんですが,RN2
ラジオ日経 rn 2が聞きたいのですけど,RN2
ラジオ日経 rn 2を聞きたいのですけど,RN2
ラジオ日経 rn 2が聞きたいんですけど,RN2
ラジオ日経 rn 2を聞きたいんですけど,RN2
ラジオ日経 rn 2が聞きたいのですけども,RN2
ラジオ日経 rn 2を聞きたいのですけども,RN2
ラジオ日経 rn 2が聞きたいんですけども,RN2
ラジオ日経 rn 2を聞きたいんですけども,RN2
ラジオ日経 rn 2がいいのですけど,RN2
ラジオ日経 rn 2が聞きたいと思います,RN2
ラジオ日経 rn 2がいいと思います,RN2
ラジオ日経 rn 2を再生して欲しいのです,RN2
ラジオ日経 rn 2を再生して欲しいんです,RN2
ラジオ日経 rn 2を再生して欲しいのですけど,RN2
ラジオ日経 rn 2を再生して欲しいんですけど,RN2
ラジオ日経 rn 2を再生して欲しいのですが,RN2
ラジオ日経 rn 2を再生して欲しいんですが,RN2
日経第二聞きたい,RN2
日経第二を聞かせて,RN2
日経第二を再生,RN2
日経第二再生,RN2
日経第二を再生して,RN2
日経第二を再生,RN2
日経第二かけて,RN2
日経第二して,RN2
日経第二にまわして,RN2
日経第二に変更して,RN2
日経第二が聞きたいです,RN2
日経第二聞かせてください,RN2
日経第二をかけてください,RN2
日経第二を再生してください,RN2
日経第二を再生して欲しい,RN2
日経第二にしてください,RN2
日経第二がいいです,RN2
日経第二がいいと思う,RN2
日経第二を聞きたい,RN2
日経第二を聞きたいです,RN2
日経第二に変えて,RN2
日経第二に変えてください,RN2
日経第二が聞きたいのですが,RN2
日経第二を聞きたいのですが,RN2
日経第二が聞きたいんですが,RN2
日経第二を聞きたいんですが,RN2
日経第二がいいのですが,RN2
日経第二がいいんですが,RN2
日経第二が聞きたいのですけど,RN2
日経第二を聞きたいのですけど,RN2
日経第二が聞きたいんですけど,RN2
日経第二を聞きたいんですけど,RN2
日経第二が聞きたいのですけども,RN2
日経第二を聞きたいのですけども,RN2
日経第二が聞きたいんですけども,RN2
日経第二を聞きたいんですけども,RN2
日経第二がいいのですけど,RN2
日経第二が聞きたいと思います,RN2
日経第二がいいと思います,RN2
日経第二を再生して欲しいのです,RN2
日経第二を再生して欲しいんです,RN2
日経第二を再生して欲しいのですけど,RN2
日経第二を再生して欲しいんですけど,RN2
日経第二を再生して欲しいのですが,RN2
日経第二を再生して欲しいんですが,RN2
日経 rn 2聞きたい,RN2
日経 rn 2を聞かせて,RN2
日経 rn 2を再生,RN2
日経 rn 2再生,RN2
日経 rn 2を再生して,RN2
日経 rn 2を再生,RN2
日経 rn 2かけて,RN2
日経 rn 2して,RN2
日経 rn 2にまわして,RN2
日経 rn 2に変更して,RN2
日経 rn 2が聞きたいです,RN2
日経 rn 2聞かせてください,RN2
日経 rn 2をかけてください,RN2
日経 rn 2を再生してください,RN2
日経 rn 2を再生して欲しい,RN2
日経 rn 2にしてください,RN2
日経 rn 2がいいです,RN2
日経 rn 2がいいと思う,RN2
日経 rn 2を聞きたい,RN2
日経 rn 2を聞きたいです,RN2
日経 rn 2に変えて,RN2
日経 rn 2に変えてください,RN2
日経 rn 2が聞きたいのですが,RN2
日経 rn 2を聞きたいのですが,RN2
日経 rn 2が聞きたいんですが,RN2
日経 rn 2を聞きたいんですが,RN2
日経 rn 2がいいのですが,RN2
日経 rn 2がいいんですが,RN2
日経 rn 2が聞きたいのですけど,RN2
日経 rn 2を聞きたいのですけど,RN2
日経 rn 2が聞きたいんですけど,RN2
日経 rn 2を聞きたいんですけど,RN2
日経 rn 2が聞きたいのですけども,RN2
日経 rn 2を聞きたいのですけども,RN2
日経 rn 2が聞きたいんですけども,RN2
日経 rn 2を聞きたいんですけども,RN2
日経 rn 2がいいのですけど,RN2
日経 rn 2が聞きたいと思います,RN2
日経 rn 2がいいと思います,RN2
日経 rn 2を再生して欲しいのです,RN2
日経 rn 2を再生して欲しいんです,RN2
日経 rn 2を再生して欲しいのですけど,RN2
日経 rn 2を再生して欲しいんですけど,RN2
日経 rn 2を再生して欲しいのですが,RN2
日経 rn 2を再生して欲しいんですが,RN2
日経 ツー聞きたい,RN2
日経 ツーを聞かせて,RN2
日経 ツーを再生,RN2
日経 ツー再生,RN2
日経 ツーを再生して,RN2
日経 ツーを再生,RN2
日経 ツーかけて,RN2
日経 ツーして,RN2
日経 ツーにまわして,RN2
日経 ツーに変更して,RN2
日経 ツーが聞きたいです,RN2
日経 ツー聞かせてください,RN2
日経 ツーをかけてください,RN2
日経 ツーを再生してください,RN2
日経 ツーを再生して欲しい,RN2
日経 ツーにしてください,RN2
日経 ツーがいいです,RN2
日経 ツーがいいと思う,RN2
日経 ツーを聞きたい,RN2
日経 ツーを聞きたいです,RN2
日経 ツーに変えて,RN2
日経 ツーに変えてください,RN2
日経 ツーが聞きたいのですが,RN2
日経 ツーを聞きたいのですが,RN2
日経 ツーが聞きたいんですが,RN2
日経 ツーを聞きたいんですが,RN2
日経 ツーがいいのですが,RN2
日経 ツーがいいんですが,RN2
日経 ツーが聞きたいのですけど,RN2
日経 ツーを聞きたいのですけど,RN2
日経 ツーが聞きたいんですけど,RN2
日経 ツーを聞きたいんですけど,RN2
日経 ツーが聞きたいのですけども,RN2
日経 ツーを聞きたいのですけども,RN2
日経 ツーが聞きたいんですけども,RN2
日経 ツーを聞きたいんですけども,RN2
日経 ツーがいいのですけど,RN2
日経 ツーが聞きたいと思います,RN2
日経 ツーがいいと思います,RN2
日経 ツーを再生して欲しいのです,RN2
日経 ツーを再生して欲しいんです,RN2
日経 ツーを再生して欲しいのですけど,RN2
日経 ツーを再生して欲しいんですけど,RN2
日経 ツーを再生して欲しいのですが,RN2
日経 ツーを再生して欲しいんですが,RN2
interfm聞きたい,INT
interfmを聞かせて,INT
interfmを再生,INT
interfm再生,INT
interfmを再生して,INT
interfmを再生,INT
interfmかけて,INT
interfmして,INT
interfmにまわして,INT
interfmに変更して,INT
interfmが聞きたいです,INT
interfm聞かせてください,INT
interfmをかけてください,INT
interfmを再生してください,INT
interfmを再生して欲しい,INT
interfmにしてください,INT
interfmがいいです,INT
interfmがいいと思う,INT
interfmを聞きたい,INT
interfmを聞きたいです,INT
interfmに変えて,INT
interfmに変えてください,INT
interfmが聞きたいのですが,INT
interfmを聞きたいのですが,INT
interfmが聞きたいんですが,INT
interfmを聞きたいんですが,INT
interfmがいいのですが,INT
interfmがいいんですが,INT
interfmが聞きたいのですけど,INT
interfmを聞きたいのですけど,INT
interfmが聞きたいんですけど,INT
interfmを聞きたいんですけど,INT
interfmが聞きたいのですけども,INT
interfmを聞きたいのですけども,INT
interfmが聞きたいんですけども,INT
interfmを聞きたいんですけども,INT
interfmがいいのですけど,INT
interfmが聞きたいと思います,INT
interfmがいいと思います,INT
interfmを再生して欲しいのです,INT
interfmを再生して欲しいんです,INT
interfmを再生して欲しいのですけど,INT
interfmを再生して欲しいんですけど,INT
interfmを再生して欲しいのですが,INT
interfmを再生して欲しいんですが,INT
interfm 897聞きたい,INT
interfm 897を聞かせて,INT
interfm 897を再生,INT
interfm 897再生,INT
interfm 897を再生して,INT
interfm 897を再生,INT
interfm 897かけて,INT
interfm 897して,INT
interfm 897にまわして,INT
interfm 897に変更して,INT
interfm 897が聞きたいです,INT
interfm 897聞かせてください,INT
interfm 897をかけてください,INT
interfm 897を再生してください,INT
interfm 897を再生して欲しい,INT
interfm 897にしてください,INT
interfm 897がいいです,INT
interfm 897がいいと思う,INT
interfm 897を聞きたい,INT
interfm 897を聞きたいです,INT
interfm 897に変えて,INT
interfm 897に変えてください,INT
interfm 897が聞きたいのですが,INT
interfm 897を聞きたいのですが,INT
interfm 897が聞きたいんですが,INT
interfm 897を聞きたいんですが,INT
interfm 897がいいのですが,INT
interfm 897がいいんですが,INT
interfm 897が聞きたいのですけど,INT
interfm 897を聞きたいのですけど,INT
interfm 897が聞きたいんですけど,INT
interfm 897を聞きたいんですけど,INT
interfm 897が聞きたいのですけども,INT
interfm 897を聞きたいのですけども,INT
interfm 897が聞きたいんですけども,INT
interfm 897を聞きたいんですけども,INT
interfm 897がいいのですけど,INT
interfm 897が聞きたいと思います,INT
interfm 897がいいと思います,INT
interfm 897を再生して欲しいのです,INT
interfm 897を再生して欲しいんです,INT
interfm 897を再生して欲しいのですけど,INT
interfm 897を再生して欲しいんですけど,INT
interfm 897を再生して欲しいのですが,INT
interfm 897を再生して欲しいんですが,INT
インター fm聞きたい,INT
インター fmを聞かせて,INT
インター fmを再生,INT
インター fm再生,INT
インター fmを再生して,INT
インター fmを再生,INT
インター fmかけて,INT
インター fmして,INT
インター fmにまわして,INT
インター fmに変更して,INT
インター fmが聞きたいです,INT
インター fm聞かせてください,INT
インター fmをかけてください,INT
インター fmを再生してください,INT
インター fmを再生して欲しい,INT
インター fmにしてください,INT
インター fmがいいです,INT
インター fmがいいと思う,INT
インター fmを聞きたい,INT
インター fmを聞きたいです,INT
インター fmに変えて,INT
インター fmに変えてください,INT
インター fmが聞きたいのですが,INT
インター fmを聞きたいのですが,INT
インター fmが聞きたいんですが,INT
インター fmを聞きたいんですが,INT
インター fmがいいのですが,INT
インター fmがいいんですが,INT
インター fmが聞きたいのですけど,INT
インター fmを聞きたいのですけど,INT
インター fmが聞きたいんですけど,INT
インター fmを聞きたいんですけど,INT
インター fmが聞きたいのですけども,INT
インター fmを聞きたいのですけども,INT
インター fmが聞きたいんですけども,INT
インター fmを聞きたいんですけども,INT
インター fmがいいのですけど,INT
インター fmが聞きたいと思います,INT
インター fmがいいと思います,INT
インター fmを再生して欲しいのです,INT
インター fmを再生して欲しいんです,INT
インター fmを再生して欲しいのですけど,INT
インター fmを再生して欲しいんですけど,INT
インター fmを再生して欲しいのですが,INT
インター fmを再生して欲しいんですが,INT
interfm 8 9 7聞きたい,INT
interfm 8 9 7を聞かせて,INT
interfm 8 9 7を再生,INT
interfm 8 9 7再生,INT
interfm 8 9 7を再生して,INT
interfm 8 9 7を再生,INT
interfm 8 9 7かけて,INT
interfm 8 9 7して,INT
interfm 8 9 7にまわして,INT
interfm 8 9 7に変更して,INT
interfm 8 9 7が聞きたいです,INT
interfm 8 9 7聞かせてください,INT
interfm 8 9 7をかけてください,INT
interfm 8 9 7を再生してください,INT
interfm 8 9 7を再生して欲しい,INT
interfm 8 9 7にしてください,INT
interfm 8 9 7がいいです,INT
interfm 8 9 7がいいと思う,INT
interfm 8 9 7を聞きたい,INT
interfm 8 9 7を聞きたいです,INT
interfm 8 9 7に変えて,INT
interfm 8 9 7に変えてください,INT
interfm 8 9 7が聞きたいのですが,INT
interfm 8 9 7を聞きたいのですが,INT
interfm 8 9 7が聞きたいんですが,INT
interfm 8 9 7を聞きたいんですが,INT
interfm 8 9 7がいいのですが,INT
interfm 8 9 7がいいんですが,INT
interfm 8 9 7が聞きたいのですけど,INT
interfm 8 9 7を聞きたいのですけど,INT
interfm 8 9 7が聞きたいんですけど,INT
interfm 8 9 7を聞きたいんですけど,INT
interfm 8 9 7が聞きたいのですけども,INT
interfm 8 9 7を聞きたいのですけども,INT
interfm 8 9 7が聞きたいんですけども,INT
interfm 8 9 7を聞きたいんですけども,INT
interfm 8 9 7がいいのですけど,INT
interfm 8 9 7が聞きたいと思います,INT
interfm 8 9 7がいいと思います,INT
interfm 8 9 7を再生して欲しいのです,INT
interfm 8 9 7を再生して欲しいんです,INT
interfm 8 9 7を再生して欲しいのですけど,INT
interfm 8 9 7を再生して欲しいんですけど,INT
interfm 8 9 7を再生して欲しいのですが,INT
interfm 8 9 7を再生して欲しいんですが,INT
インター fm 897聞きたい,INT
インター fm 897を聞かせて,INT
インター fm 897を再生,INT
インター fm 897再生,INT
インター fm 897を再生して,INT
インター fm 897を再生,INT
インター fm 897かけて,INT
インター fm 897して,INT
インター fm 897にまわして,INT
インター fm 897に変更して,INT
インター fm 897が聞きたいです,INT
インター fm 897聞かせてください,INT
インター fm 897をかけてください,INT
インター fm 897を再生してください,INT
インター fm 897を再生して欲しい,INT
インター fm 897にしてください,INT
インター fm 897がいいです,INT
インター fm 897がいいと思う,INT
インター fm 897を聞きたい,INT
インター fm 897を聞きたいです,INT
インター fm 897に変えて,INT
インター fm 897に変えてください,INT
インター fm 897が聞きたいのですが,INT
インター fm 897を聞きたいのですが,INT
インター fm 897が聞きたいんですが,INT
インター fm 897を聞きたいんですが,INT
インター fm 897がいいのですが,INT
インター fm 897がいいんですが,INT
インター fm 897が聞きたいのですけど,INT
インター fm 897を聞きたいのですけど,INT
インター fm 897が聞きたいんですけど,INT
インター fm 897を聞きたいんですけど,INT
インター fm 897が聞きたいのですけども,INT
インター fm 897を聞きたいのですけども,INT
インター fm 897が聞きたいんですけども,INT
インター fm 897を聞きたいんですけども,INT
インター fm 897がいいのですけど,INT
インター fm 897が聞きたいと思います,INT
インター fm 897がいいと思います,INT
インター fm 897を再生して欲しいのです,INT
インター fm 897を再生して欲しいんです,INT
インター fm 897を再生して欲しいのですけど,INT
インター fm 897を再生して欲しいんですけど,INT
インター fm 897を再生して欲しいのですが,INT
インター fm 897を再生して欲しいんですが,INT
東京 fm聞きたい,FMT
東京 fmを聞かせて,FMT
東京 fmを再生,FMT
東京 fm再生,FMT
東京 fmを再生して,FMT
東京 fmを再生,FMT
東京 fmかけて,FMT
東京 fmして,FMT
東京 fmにまわして,FMT
東京 fmに変更して,FMT
東京 fmが聞きたいです,FMT
東京 fm聞かせてください,FMT
東京 fmをかけてください,FMT
東京 fmを再生してください,FMT
東京 fmを再生して欲しい,FMT
東京 fmにしてください,FMT
東京 fmがいいです,FMT
東京 fmがいいと思う,FMT
東京 fmを聞きたい,FMT
東京 fmを聞きたいです,FMT
東京 fmに変えて,FMT
東京 fmに変えてください,FMT
東京 fmが聞きたいのですが,FMT
東京 fmを聞きたいのですが,FMT
東京 fmが聞きたいんですが,FMT
東京 fmを聞きたいんですが,FMT
東京 fmがいいのですが,FMT
東京 fmがいいんですが,FMT
東京 fmが聞きたいのですけど,FMT
東京 fmを聞きたいのですけど,FMT
東京 fmが聞きたいんですけど,FMT
東京 fmを聞きたいんですけど,FMT
東京 fmが聞きたいのですけども,FMT
東京 fmを聞きたいのですけども,FMT
東京 fmが聞きたいんですけども,FMT
東京 fmを聞きたいんですけども,FMT
東京 fmがいいのですけど,FMT
東京 fmが聞きたいと思います,FMT
東京 fmがいいと思います,FMT
東京 fmを再生して欲しいのです,FMT
東京 fmを再生して欲しいんです,FMT
東京 fmを再生して欲しいのですけど,FMT
東京 fmを再生して欲しいんですけど,FMT
東京 fmを再生して欲しいのですが,FMT
東京 fmを再生して欲しいんですが,FMT
東京fm聞きたい,FMT
東京fmを聞かせて,FMT
東京fmを再生,FMT
東京fm再生,FMT
東京fmを再生して,FMT
東京fmを再生,FMT
東京fmかけて,FMT
東京fmして,FMT
東京fmにまわして,FMT
東京fmに変更して,FMT
東京fmが聞きたいです,FMT
東京fm聞かせてください,FMT
東京fmをかけてください,FMT
東京fmを再生してください,FMT
東京fmを再生して欲しい,FMT
東京fmにしてください,FMT
東京fmがいいです,FMT
東京fmがいいと思う,FMT
東京fmを聞きたい,FMT
東京fmを聞きたいです,FMT
東京fmに変えて,FMT
東京fmに変えてください,FMT
東京fmが聞きたいのですが,FMT
東京fmを聞きたいのですが,FMT
東京fmが聞きたいんですが,FMT
東京fmを聞きたいんですが,FMT
東京fmがいいのですが,FMT
東京fmがいいんですが,FMT
東京fmが聞きたいのですけど,FMT
東京fmを聞きたいのですけど,FMT
東京fmが聞きたいんですけど,FMT
東京fmを聞きたいんですけど,FMT
東京fmが聞きたいのですけども,FMT
東京fmを聞きたいのですけども,FMT
東京fmが聞きたいんですけども,FMT
東京fmを聞きたいんですけども,FMT
東京fmがいいのですけど,FMT
東京fmが聞きたいと思います,FMT
東京fmがいいと思います,FMT
東京fmを再生して欲しいのです,FMT
東京fmを再生して欲しいんです,FMT
東京fmを再生して欲しいのですけど,FMT
東京fmを再生して欲しいんですけど,FMT
東京fmを再生して欲しいのですが,FMT
東京fmを再生して欲しいんですが,FMT
とうきょう fm聞きたい,FMT
とうきょう fmを聞かせて,FMT
とうきょう fmを再生,FMT
とうきょう fm再生,FMT
とうきょう fmを再生して,FMT
とうきょう fmを再生,FMT
とうきょう fmかけて,FMT
とうきょう fmして,FMT
とうきょう fmにまわして,FMT
とうきょう fmに変更して,FMT
とうきょう fmが聞きたいです,FMT
とうきょう fm聞かせてください,FMT
とうきょう fmをかけてください,FMT
とうきょう fmを再生してください,FMT
とうきょう fmを再生して欲しい,FMT
とうきょう fmにしてください,FMT
とうきょう fmがいいです,FMT
とうきょう fmがいいと思う,FMT
とうきょう fmを聞きたい,FMT
とうきょう fmを聞きたいです,FMT
とうきょう fmに変えて,FMT
とうきょう fmに変えてください,FMT
とうきょう fmが聞きたいのですが,FMT
とうきょう fmを聞きたいのですが,FMT
とうきょう fmが聞きたいんですが,FMT
とうきょう fmを聞きたいんですが,FMT
とうきょう fmがいいのですが,FMT
とうきょう fmがいいんですが,FMT
とうきょう fmが聞きたいのですけど,FMT
とうきょう fmを聞きたいのですけど,FMT
とうきょう fmが聞きたいんですけど,FMT
とうきょう fmを聞きたいんですけど,FMT
とうきょう fmが聞きたいのですけども,FMT
とうきょう fmを聞きたいのですけども,FMT
とうきょう fmが聞きたいんですけども,FMT
とうきょう fmを聞きたいんですけども,FMT
とうきょう fmがいいのですけど,FMT
とうきょう fmが聞きたいと思います,FMT
とうきょう fmがいいと思います,FMT
とうきょう fmを再生して欲しいのです,FMT
とうきょう fmを再生して欲しいんです,FMT
とうきょう fmを再生して欲しいのですけど,FMT
とうきょう fmを再生して欲しいんですけど,FMT
とうきょう fmを再生して欲しいのですが,FMT
とうきょう fmを再生して欲しいんですが,FMT
東京聞きたい,FMT
東京を聞かせて,FMT
東京を再生,FMT
東京再生,FMT
東京を再生して,FMT
東京を再生,FMT
東京かけて,FMT
東京して,FMT
東京にまわして,FMT
東京に変更して,FMT
東京が聞きたいです,FMT
東京聞かせてください,FMT
東京をかけてください,FMT
東京を再生してください,FMT
東京を再生して欲しい,FMT
東京にしてください,FMT
東京がいいです,FMT
東京がいいと思う,FMT
東京を聞きたい,FMT
東京を聞きたいです,FMT
東京に変えて,FMT
東京に変えてください,FMT
東京が聞きたいのですが,FMT
東京を聞きたいのですが,FMT
東京が聞きたいんですが,FMT
東京を聞きたいんですが,FMT
東京がいいのですが,FMT
東京がいいんですが,FMT
東京が聞きたいのですけど,FMT
東京を聞きたいのですけど,FMT
東京が聞きたいんですけど,FMT
東京を聞きたいんですけど,FMT
東京が聞きたいのですけども,FMT
東京を聞きたいのですけども,FMT
東京が聞きたいんですけども,FMT
東京を聞きたいんですけども,FMT
東京がいいのですけど,FMT
東京が聞きたいと思います,FMT
東京がいいと思います,FMT
東京を再生して欲しいのです,FMT
東京を再生して欲しいんです,FMT
東京を再生して欲しいのですけど,FMT
東京を再生して欲しいんですけど,FMT
東京を再生して欲しいのですが,FMT
東京を再生して欲しいんですが,FMT
fm 東京聞きたい,FMT
fm 東京を聞かせて,FMT
fm 東京を再生,FMT
fm 東京再生,FMT
fm 東京を再生して,FMT
fm 東京を再生,FMT
fm 東京かけて,FMT
fm 東京して,FMT
fm 東京にまわして,FMT
fm 東京に変更して,FMT
fm 東京が聞きたいです,FMT
fm 東京聞かせてください,FMT
fm 東京をかけてください,FMT
fm 東京を再生してください,FMT
fm 東京を再生して欲しい,FMT
fm 東京にしてください,FMT
fm 東京がいいです,FMT
fm 東京がいいと思う,FMT
fm 東京を聞きたい,FMT
fm 東京を聞きたいです,FMT
fm 東京に変えて,FMT
fm 東京に変えてください,FMT
fm 東京が聞きたいのですが,FMT
fm 東京を聞きたいのですが,FMT
fm 東京が聞きたいんですが,FMT
fm 東京を聞きたいんですが,FMT
fm 東京がいいのですが,FMT
fm 東京がいいんですが,FMT
fm 東京が聞きたいのですけど,FMT
fm 東京を聞きたいのですけど,FMT
fm 東京が聞きたいんですけど,FMT
fm 東京を聞きたいんですけど,FMT
fm 東京が聞きたいのですけども,FMT
fm 東京を聞きたいのですけども,FMT
fm 東京が聞きたいんですけども,FMT
fm 東京を聞きたいんですけども,FMT
fm 東京がいいのですけど,FMT
fm 東京が聞きたいと思います,FMT
fm 東京がいいと思います,FMT
fm 東京を再生して欲しいのです,FMT
fm 東京を再生して欲しいんです,FMT
fm 東京を再生して欲しいのですけど,FMT
fm 東京を再生して欲しいんですけど,FMT
fm 東京を再生して欲しいのですが,FMT
fm 東京を再生して欲しいんですが,FMT
j wave聞きたい,FMJ
j waveを聞かせて,FMJ
j waveを再生,FMJ
j wave再生,FMJ
j waveを再生して,FMJ
j waveを再生,FMJ
j waveかけて,FMJ
j waveして,FMJ
j waveにまわして,FMJ
j waveに変更して,FMJ
j waveが聞きたいです,FMJ
j wave聞かせてください,FMJ
j waveをかけてください,FMJ
j waveを再生してください,FMJ
j waveを再生して欲しい,FMJ
j waveにしてください,FMJ
j waveがいいです,FMJ
j waveがいいと思う,FMJ
j waveを聞きたい,FMJ
j waveを聞きたいです,FMJ
j waveに変えて,FMJ
j waveに変えてください,FMJ
j waveが聞きたいのですが,FMJ
j waveを聞きたいのですが,FMJ
j waveが聞きたいんですが,FMJ
j waveを聞きたいんですが,FMJ
j waveがいいのですが,FMJ
j waveがいいんですが,FMJ
j waveが聞きたいのですけど,FMJ
j waveを聞きたいのですけど,FMJ
j waveが聞きたいんですけど,FMJ
j waveを聞きたいんですけど,FMJ
j waveが聞きたいのですけども,FMJ
j waveを聞きたいのですけども,FMJ
j waveが聞きたいんですけども,FMJ
j waveを聞きたいんですけども,FMJ
j waveがいいのですけど,FMJ
j waveが聞きたいと思います,FMJ
j waveがいいと思います,FMJ
j waveを再生して欲しいのです,FMJ
j waveを再生して欲しいんです,FMJ
j waveを再生して欲しいのですけど,FMJ
j waveを再生して欲しいんですけど,FMJ
j waveを再生して欲しいのですが,FMJ
j waveを再生して欲しいんですが,FMJ
jwave聞きたい,FMJ
jwaveを聞かせて,FMJ
jwaveを再生,FMJ
jwave再生,FMJ
jwaveを再生して,FMJ
jwaveを再生,FMJ
jwaveかけて,FMJ
jwaveして,FMJ
jwaveにまわして,FMJ
jwaveに変更して,FMJ
jwaveが聞きたいです,FMJ
jwave聞かせてください,FMJ
jwaveをかけてください,FMJ
jwaveを再生してください,FMJ
jwaveを再生して欲しい,FMJ
jwaveにしてください,FMJ
jwaveがいいです,FMJ
jwaveがいいと思う,FMJ
jwaveを聞きたい,FMJ
jwaveを聞きたいです,FMJ
jwaveに変えて,FMJ
jwaveに変えてください,FMJ
jwaveが聞きたいのですが,FMJ
jwaveを聞きたいのですが,FMJ
jwaveが聞きたいんですが,FMJ
jwaveを聞きたいんですが,FMJ
jwaveがいいのですが,FMJ
jwaveがいいんですが,FMJ
jwaveが聞きたいのですけど,FMJ
jwaveを聞きたいのですけど,FMJ
jwaveが聞きたいんですけど,FMJ
jwaveを聞きたいんですけど,FMJ
jwaveが聞きたいのですけども,FMJ
jwaveを聞きたいのですけども,FMJ
jwaveが聞きたいんですけども,FMJ
jwaveを聞きたいんですけども,FMJ
jwaveがいいのですけど,FMJ
jwaveが聞きたいと思います,FMJ
jwaveがいいと思います,FMJ
jwaveを再生して欲しいのです,FMJ
jwaveを再生して欲しいんです,FMJ
jwaveを再生して欲しいのですけど,FMJ
jwaveを再生して欲しいんですけど,FMJ
jwaveを再生して欲しいのですが,FMJ
jwaveを再生して欲しいんですが,FMJ
ジェーウェーブ聞きたい,FMJ
ジェーウェーブを聞かせて,FMJ
ジェーウェーブを再生,FMJ
ジェーウェーブ再生,FMJ
ジェーウェーブを再生して,FMJ
ジェーウェーブを再生,FMJ
ジェーウェーブかけて,FMJ
ジェーウェーブして,FMJ
ジェーウェーブにまわして,FMJ
ジェーウェーブに変更して,FMJ
ジェーウェーブが聞きたいです,FMJ
ジェーウェーブ聞かせてください,FMJ
ジェーウェーブをかけてください,FMJ
ジェーウェーブを再生してください,FMJ
ジェーウェーブを再生して欲しい,FMJ
ジェーウェーブにしてください,FMJ
ジェーウェーブがいいです,FMJ
ジェーウェーブがいいと思う,FMJ
ジェーウェーブを聞きたい,FMJ
ジェーウェーブを聞きたいです,FMJ
ジェーウェーブに変えて,FMJ
ジェーウェーブに変えてください,FMJ
ジェーウェーブが聞きたいのですが,FMJ
ジェーウェーブを聞きたいのですが,FMJ
ジェーウェーブが聞きたいんですが,FMJ
ジェーウェーブを聞きたいんですが,FMJ
ジェーウェーブがいいのですが,FMJ
ジェーウェーブがいいんですが,FMJ
ジェーウェーブが聞きたいのですけど,FMJ
ジェーウェーブを聞きたいのですけど,FMJ
ジェーウェーブが聞きたいんですけど,FMJ
ジェーウェーブを聞きたいんですけど,FMJ
ジェーウェーブが聞きたいのですけども,FMJ
ジェーウェーブを聞きたいのですけども,FMJ
ジェーウェーブが聞きたいんですけども,FMJ
ジェーウェーブを聞きたいんですけども,FMJ
ジェーウェーブがいいのですけど,FMJ
ジェーウェーブが聞きたいと思います,FMJ
ジェーウェーブがいいと思います,FMJ
ジェーウェーブを再生して欲しいのです,FMJ
ジェーウェーブを再生して欲しいんです,FMJ
ジェーウェーブを再生して欲しいのですけど,FMJ
ジェーウェーブを再生して欲しいんですけど,FMJ
ジェーウェーブを再生して欲しいのですが,FMJ
ジェーウェーブを再生して欲しいんですが,FMJ
wave聞きたい,FMJ
waveを聞かせて,FMJ
waveを再生,FMJ
wave再生,FMJ
waveを再生して,FMJ
waveを再生,FMJ
waveかけて,FMJ
waveして,FMJ
waveにまわして,FMJ
waveに変更して,FMJ
waveが聞きたいです,FMJ
wave聞かせてください,FMJ
waveをかけてください,FMJ
waveを再生してください,FMJ
waveを再生して欲しい,FMJ
waveにしてください,FMJ
waveがいいです,FMJ
waveがいいと思う,FMJ
waveを聞きたい,FMJ
waveを聞きたいです,FMJ
waveに変えて,FMJ
waveに変えてください,FMJ
waveが聞きたいのですが,FMJ
waveを聞きたいのですが,FMJ
waveが聞きたいんですが,FMJ
waveを聞きたいんですが,FMJ
waveがいいのですが,FMJ
waveがいいんですが,FMJ
waveが聞きたいのですけど,FMJ
waveを聞きたいのですけど,FMJ
waveが聞きたいんですけど,FMJ
waveを聞きたいんですけど,FMJ
waveが聞きたいのですけども,FMJ
waveを聞きたいのですけども,FMJ
waveが聞きたいんですけども,FMJ
waveを聞きたいんですけども,FMJ
waveがいいのですけど,FMJ
waveが聞きたいと思います,FMJ
waveがいいと思います,FMJ
waveを再生して欲しいのです,FMJ
waveを再生して欲しいんです,FMJ
waveを再生して欲しいのですけど,FMJ
waveを再生して欲しいんですけど,FMJ
waveを再生して欲しいのですが,FMJ
waveを再生して欲しいんですが,FMJ
ウェーブ聞きたい,FMJ
ウェーブを聞かせて,FMJ
ウェーブを再生,FMJ
ウェーブ再生,FMJ
ウェーブを再生して,FMJ
ウェーブを再生,FMJ
ウェーブかけて,FMJ
ウェーブして,FMJ
ウェーブにまわして,FMJ
ウェーブに変更して,FMJ
ウェーブが聞きたいです,FMJ
ウェーブ聞かせてください,FMJ
ウェーブをかけてください,FMJ
ウェーブを再生してください,FMJ
ウェーブを再生して欲しい,FMJ
ウェーブにしてください,FMJ
ウェーブがいいです,FMJ
ウェーブがいいと思う,FMJ
ウェーブを聞きたい,FMJ
ウェーブを聞きたいです,FMJ
ウェーブに変えて,FMJ
ウェーブに変えてください,FMJ
ウェーブが聞きたいのですが,FMJ
ウェーブを聞きたいのですが,FMJ
ウェーブが聞きたいんですが,FMJ
ウェーブを聞きたいんですが,FMJ
ウェーブがいいのですが,FMJ
ウェーブがいいんですが,FMJ
ウェーブが聞きたいのですけど,FMJ
ウェーブを聞きたいのですけど,FMJ
ウェーブが聞きたいんですけど,FMJ
ウェーブを聞きたいんですけど,FMJ
ウェーブが聞きたいのですけども,FMJ
ウェーブを聞きたいのですけども,FMJ
ウェーブが聞きたいんですけども,FMJ
ウェーブを聞きたいんですけども,FMJ
ウェーブがいいのですけど,FMJ
ウェーブが聞きたいと思います,FMJ
ウェーブがいいと思います,FMJ
ウェーブを再生して欲しいのです,FMJ
ウェーブを再生して欲しいんです,FMJ
ウェーブを再生して欲しいのですけど,FMJ
ウェーブを再生して欲しいんですけど,FMJ
ウェーブを再生して欲しいのですが,FMJ
ウェーブを再生して欲しいんですが,FMJ
stop,STOP
stop して,STOP
stop してください,STOP
ストップ,STOP
ストップして,STOP
ストップしてください,STOP
やめ,STOP
やめて,STOP
やめてね,STOP
やめてください,STOP
止めて,STOP
止めてね,STOP
止めてください,STOP
一時停止,STOP
一時停止して,STOP
一時停止してください,STOP
もうおしまい,STOP
もうおしまいです,STOP
さよなら,STOP
さようなら,STOP
じゃあね,STOP
またね,STOP
じゃあ さよなら,STOP
それじゃあ さよなら,STOP
それでは　さよなら,STOP
じゃあね　さよなら,STOP
じゃあ さよなら,STOP
それじゃあ さようなら,STOP
それでは　さようなら,STOP
じゃあね　さようなら,STOP
じゃあ またね,STOP
それじゃあ またね,STOP
それでは　またね,STOP
じゃあね　またね,STOP
もうしまいだよ,STOP
もうしまいです,STOP
もうおしまいだよ,STOP
もうおしまいです,STOP
はいおしまい,STOP
はいおしまいです,STOP
じゃ　おしまい,STOP
じゃ　おしまいです,STOP
はい終わり,STOP
はい終わりです,STOP
はいさよなら,STOP
はいさようなら,STOP
もういいです,STOP
もういい,STOP
もう終わり,STOP
もう終わりです,STOP
もう終わりでいいです,STOP
もう終わりでいいですよ,STOP
もう止めて,STOP
もう止めてね,STOP
もう止めてください,STOP
ポーズ,STOP
ポーズして,STOP
ポーズしてください,STOP
終了,STOP
終了してください,STOP
終了していいよ,STOP
終了していいですよ,STOP
もう終了,STOP
終わり,STOP
シャットダウン,STOP
シャットダウンして,STOP
シャットダウンしてください,STOP
もエンジン切るよ,STOP
もうエンジン切るよ,STOP
もうエンジンを切るよ,STOP
もうエンジンを切ります,STOP
もうエンジンを切りますよ,STOP
エンジン 切ります,STOP
エンジン おしまい,STOP
エンジンを切ります,STOP
エンジンを切りますよ,STOP
もう切って下さい,STOP
もう切ってくださいね,STOP
消して,STOP
消してください,STOP
消していいよ,STOP
消していいですよ,STOP
もう消して,STOP
もう消してください,STOP
もう消していいよ,STOP
もう消していいですよ,STOP
音を上げてください,VOLUMEUP
音を上げて,VOLUMEUP
音上げてください,VOLUMEUP
音上げて,VOLUMEUP
ちょっと音を上げてください,VOLUMEUP
ちょっと音を上げて,VOLUMEUP
ちょっと音上げてください,VOLUMEUP
ちょっと音上げて,VOLUMEUP
音をもっと大きくして,VOLUMEUP
音をもっと大きく,VOLUMEUP
音もっと大きくして,VOLUMEUP
音もっと大きく,VOLUMEUP
もっと音を大きくして,VOLUMEUP
もっと音を大きく,VOLUMEUP
もっと音大きくして,VOLUMEUP
もっと音大きく,VOLUMEUP
音をもうちょっと大きくして,VOLUMEUP
音をもうちょっと大きく,VOLUMEUP
音もうちょっと大きくして,VOLUMEUP
音もうちょっと大きく,VOLUMEUP
もうちょっと音を大きくして,VOLUMEUP
もうちょっと音を大きく,VOLUMEUP
もうちょっと音大きくして,VOLUMEUP
もうちょっと音大きく,VOLUMEUP
音量を上げてください,VOLUMEUP
音量を上げて,VOLUMEUP
音量上げてください,VOLUMEUP
音量上げて,VOLUMEUP
音量をもっと大きくして,VOLUMEUP
音量をもっと大きく,VOLUMEUP
音量もっと大きくして,VOLUMEUP
音量もっと大きく,VOLUMEUP
もっと音量を大きくして,VOLUMEUP
もっと音量を大きく,VOLUMEUP
もっと音量大きくして,VOLUMEUP
もっと音量大きく,VOLUMEUP
音量をもうちょっと大きくして,VOLUMEUP
音量をもうちょっと大きく,VOLUMEUP
音量もうちょっと大きくして,VOLUMEUP
音量もうちょっと大きく,VOLUMEUP
もうちょっと音量を大きくして,VOLUMEUP
もうちょっと音量を大きく,VOLUMEUP
もうちょっと音量大きくして,VOLUMEUP
もうちょっと音量大きく,VOLUMEUP
もっとうるさくして,VOLUMEUP
もうちょっとうるさくして,VOLUMEUP
ボリュームを上げてください,VOLUMEUP
ボリュームを上げて,VOLUMEUP
ボリューム上げてください,VOLUMEUP
ボリューム上げて,VOLUMEUP
ちょっとボリュームを上げてください,VOLUMEUP
ちょっとボリュームを上げて,VOLUMEUP
ちょっとボリューム上げてください,VOLUMEUP
ちょっとボリューム上げて,VOLUMEUP
ボリュームをもっと大きくして,VOLUMEUP
ボリュームをもっと大きく,VOLUMEUP
ボリュームもっと大きくして,VOLUMEUP
ボリュームもっと大きく,VOLUMEUP
もっとボリュームを大きくして,VOLUMEUP
もっとボリュームを大きく,VOLUMEUP
もっとボリューム大きくして,VOLUMEUP
もっとボリューム大きく,VOLUMEUP
ボリュームをもうちょっと大きくして,VOLUMEUP
ボリュームをもうちょっと大きく,VOLUMEUP
ボリュームもうちょっと大きくして,VOLUMEUP
ボリュームもうちょっと大きく,VOLUMEUP
もうちょっとボリュームを大きくして,VOLUMEUP
もうちょっとボリュームを大きく,VOLUMEUP
もうちょっとボリューム大きくして,VOLUMEUP
もうちょっとボリューム大きく,VOLUMEUP
ボリュームをアップしてください,VOLUMEUP
ボリュームをアップして,VOLUMEUP
ボリュームアップしてください,VOLUMEUP
ボリュームアップ,VOLUMEUP
ちょっとボリュームをアップしてください,VOLUMEUP
ちょっとボリュームをアップ,VOLUMEUP
ちょっとボリュームアップしてください,VOLUMEUP
ちょっとボリュームアップ,VOLUMEUP
もっとボリュームをアップしてください,VOLUMEUP
もっとボリュームをアップ,VOLUMEUP
もっとボリュームアップしてください,VOLUMEUP
もっとボリュームアップ,VOLUMEUP
ボリュームをもうちょっとアップして,VOLUMEUP
ボリュームをもうちょっとアップ,VOLUMEUP
ボリュームもうちょっとアップして,VOLUMEUP
ボリュームもうちょっとアップ,VOLUMEUP
もうちょっとボリュームをアップして,VOLUMEUP
もうちょっとボリュームをアップ,VOLUMEUP
もうちょっとボリュームアップして,VOLUMEUP
もうちょっとボリュームアップ,VOLUMEUP
音を下げてください,VOLUMEDOWN
音を下げて,VOLUMEDOWN
音下げてください,VOLUMEDOWN
音下げて,VOLUMEDOWN
ちょっと音を下げてください,VOLUMEDOWN
ちょっと音を下げて,VOLUMEDOWN
ちょっと音下げてください,VOLUMEDOWN
ちょっと音下げて,VOLUMEDOWN
音をもっと小さくして,VOLUMEDOWN
音をもっと小さく,VOLUMEDOWN
音もっと小さくして,VOLUMEDOWN
音もっと小さく,VOLUMEDOWN
もっと音を小さくして,VOLUMEDOWN
もっと音を小さく,VOLUMEDOWN
もっと音小さくして,VOLUMEDOWN
もっと音小さく,VOLUMEDOWN
音をもうちょっと小さくして,VOLUMEDOWN
音をもうちょっと小さく,VOLUMEDOWN
音もうちょっと小さくして,VOLUMEDOWN
音もうちょっと小さく,VOLUMEDOWN
もうちょっと音を小さくして,VOLUMEDOWN
もうちょっと音を小さく,VOLUMEDOWN
もうちょっと音小さくして,VOLUMEDOWN
もうちょっと音小さく,VOLUMEDOWN
音量を下げてください,VOLUMEDOWN
音量を下げて,VOLUMEDOWN
音量下げてください,VOLUMEDOWN
音量下げて,VOLUMEDOWN
音量をもっと小さくして,VOLUMEDOWN
音量をもっと小さく,VOLUMEDOWN
音量もっと小さくして,VOLUMEDOWN
音量もっと小さく,VOLUMEDOWN
もっと音量を小さくして,VOLUMEDOWN
もっと音量を小さく,VOLUMEDOWN
もっと音量小さくして,VOLUMEDOWN
もっと音量小さく,VOLUMEDOWN
音量をもうちょっと小さくして,VOLUMEDOWN
音量をもうちょっと小さく,VOLUMEDOWN
音量もうちょっと小さくして,VOLUMEDOWN
音量もうちょっと小さく,VOLUMEDOWN
もうちょっと音量を小さくして,VOLUMEDOWN
もうちょっと音量を小さく,VOLUMEDOWN
もうちょっと音量小さくして,VOLUMEDOWN
もうちょっと音量小さく,VOLUMEDOWN
もっと静かにして,VOLUMEDOWN
もうちょっと静かにして,VOLUMEDOWN
ボリュームを下げてください,VOLUMEDOWN
ボリュームを下げて,VOLUMEDOWN
ボリューム下げてください,VOLUMEDOWN
ボリューム下げて,VOLUMEDOWN
ちょっとボリュームを下げてください,VOLUMEDOWN
ちょっとボリュームを下げて,VOLUMEDOWN
ちょっとボリューム下げてください,VOLUMEDOWN
ちょっとボリューム下げて,VOLUMEDOWN
ボリュームをもっと小さくして,VOLUMEDOWN
ボリュームをもっと小さく,VOLUMEDOWN
ボリュームもっと小さくして,VOLUMEDOWN
ボリュームもっと小さく,VOLUMEDOWN
もっとボリュームを小さくして,VOLUMEDOWN
もっとボリュームを小さく,VOLUMEDOWN
もっとボリューム小さくして,VOLUMEDOWN
もっとボリューム小さく,VOLUMEDOWN
ボリュームをもうちょっと小さくして,VOLUMEDOWN
ボリュームをもうちょっと小さく,VOLUMEDOWN
ボリュームもうちょっと小さくして,VOLUMEDOWN
ボリュームもうちょっと小さく,VOLUMEDOWN
もうちょっとボリュームを小さくして,VOLUMEDOWN
もうちょっとボリュームを小さく,VOLUMEDOWN
もうちょっとボリューム小さくして,VOLUMEDOWN
もうちょっとボリューム小さく,VOLUMEDOWN
ボリュームをダウンしてください,VOLUMEDOWN
ボリュームをダウンして,VOLUMEDOWN
ボリュームダウンしてください,VOLUMEDOWN
ボリュームダウン,VOLUMEDOWN
ちょっとボリュームをダウンしてください,VOLUMEDOWN
ちょっとボリュームをダウン,VOLUMEDOWN
ちょっとボリュームダウンしてください,VOLUMEDOWN
ちょっとボリュームダウン,VOLUMEDOWN
もっとボリュームをダウンしてください,VOLUMEDOWN
もっとボリュームをダウン,VOLUMEDOWN
もっとボリュームダウンしてください,VOLUMEDOWN
もっとボリュームダウン,VOLUMEDOWN
ボリュームをもうちょっとダウンして,VOLUMEDOWN
ボリュームをもうちょっとダウン,VOLUMEDOWN
ボリュームもうちょっとダウンして,VOLUMEDOWN
ボリュームもうちょっとダウン,VOLUMEDOWN
もうちょっとボリュームをダウンして,VOLUMEDOWN
もうちょっとボリュームをダウン,VOLUMEDOWN
もうちょっとボリュームダウンして,VOLUMEDOWN
もうちょっとボリュームダウン,VOLUMEDOWN
next song,NEXT
next song にして,NEXT
next song にしてください,NEXT
次の歌,NEXT
次の曲,NEXT
次のやつ,NEXT
次の,NEXT
次,NEXT
次 次,NEXT
スキップ,NEXT
スキップして,NEXT
スキップしてください,NEXT
違う曲,NEXT
違う歌,NEXT
違うやつ,NEXT
違うの,NEXT
次の歌にして,NEXT
次の歌にしてください,NEXT
次の歌にしちゃってください,NEXT
次の歌に変えて,NEXT
次の歌に変えてください,NEXT
次の歌に変えちゃってください,NEXT
次の歌に変更して,NEXT
次の歌に変更してください,NEXT
次の歌に変更しちゃってください,NEXT
次の曲にして,NEXT
次の曲にしてください,NEXT
次の曲にしちゃってください,NEXT
次の曲に変えて,NEXT
次の曲に変えてください,NEXT
次の曲に変えちゃってください,NEXT
次の曲に変更して,NEXT
次の曲に変更してください,NEXT
次の曲に変更しちゃってください,NEXT
次のやつにして,NEXT
次のやつにしてください,NEXT
次のやつにしちゃってください,NEXT
次のやつに変えて,NEXT
次のやつに変えてください,NEXT
次のやつに変えちゃってください,NEXT
次のやつに変更して,NEXT
次のやつに変更してください,NEXT
次のやつに変更しちゃってください,NEXT
違う歌にして,NEXT
違う歌にしてください,NEXT
違う歌にしちゃってください,NEXT
違う歌に変えて,NEXT
違う歌に変えてください,NEXT
違う歌に変えちゃってください,NEXT
違う歌に変更して,NEXT
違う歌に変更してください,NEXT
違う歌に変更しちゃってください,NEXT
違う曲にして,NEXT
違う曲にしてください,NEXT
違う曲にしちゃってください,NEXT
違う曲に変えて,NEXT
違う曲に変えてください,NEXT
違う曲に変えちゃってください,NEXT
違う曲に変更して,NEXT
違う曲に変更してください,NEXT
違う曲に変更しちゃってください,NEXT
違うやつにして,NEXT
違うやつにしてください,NEXT
違うやつにしちゃってください,NEXT
違うやつに変えて,NEXT
違うやつに変えてください,NEXT
違うやつに変えちゃってください,NEXT
違うやつに変更して,NEXT
違うやつに変更してください,NEXT
違うやつに変更しちゃってください,NEXT
違うのにして,NEXT
違うのにしてください,NEXT
違うのにしちゃってください,NEXT
違うのに変えて,NEXT
違うのに変えてください,NEXT
違うのに変えちゃってください,NEXT
違うのに変更して,NEXT
違うのに変更してください,NEXT
違うのに変更しちゃってください,NEXT
ビートルズの歌を再生して,YOUTUBE
ビートルズの動画を再生して,YOUTUBE
ビートルズを youtube 再生,YOUTUBE
ビートルズの let it be を再生して,YOUTUBE
ビートルズの動画を youtube 再生して,YOUTUBE
ビートルズの歌が聞きたい,YOUTUBE
ビートルズが聞きたい,YOUTUBE
ビートルズの歌を聞かせて,YOUTUBE
ビートルズのハローグッドバイの動画を見たい,YOUTUBE
ビートルズのヘルプを youtube で見たい,YOUTUBE
マイケルジャクソンの歌を再生して,YOUTUBE
マイケルジャクソンの動画を再生して,YOUTUBE
マイケルジャクソンを youtube 再生,YOUTUBE
マイケルジャクソンの thriller を再生して,YOUTUBE
マイケルジャクソンの動画を youtube 再生して,YOUTUBE
マイケルジャクソンの歌が聞きたい,YOUTUBE
マイケルジャクソンが聞きたい,YOUTUBE
マイケルジャクソンの歌を聞かせて,YOUTUBE
マイケルジャクソンのスムーズクリミナルの動画を見たい,YOUTUBE
マイケルジャクソンのバッドを youtube で見たい,YOUTUBE
レッドツェッペリンの歌を再生して,YOUTUBE
レッドツェッペリンの動画を再生して,YOUTUBE
レッドツェッペリンを youtube 再生,YOUTUBE
レッドツェッペリンの stairway to heaven を再生して,YOUTUBE
レッドツェッペリンの動画を youtube 再生して,YOUTUBE
レッドツェッペリンの歌が聞きたい,YOUTUBE
レッドツェッペリンが聞きたい,YOUTUBE
レッドツェッペリンの歌を聞かせて,YOUTUBE
レッドツェッペリンのブラッグドッグの動画を見たい,YOUTUBE
レッドツェッペリンのレモンソングを youtube で見たい,YOUTUBE
マライアキャリーの歌を再生して,YOUTUBE
マライアキャリーの動画を再生して,YOUTUBE
マライアキャリーを youtube 再生,YOUTUBE
マライアキャリーの i'll be there を再生して,YOUTUBE
マライアキャリーの動画を youtube 再生して,YOUTUBE
マライアキャリーの歌が聞きたい,YOUTUBE
マライアキャリーが聞きたい,YOUTUBE
マライアキャリーの歌を聞かせて,YOUTUBE
マライアキャリーの恋人たちのクリスマスの動画を見たい,YOUTUBE
マライアキャリーのファンタジーを youtube で見たい,YOUTUBE
acdcの歌を再生して,YOUTUBE
acdcの動画を再生して,YOUTUBE
acdcを youtube 再生,YOUTUBE
acdcの highway to hell を再生して,YOUTUBE
acdcの動画を youtube 再生して,YOUTUBE
acdcの歌が聞きたい,YOUTUBE
acdcが聞きたい,YOUTUBE
acdcの歌を聞かせて,YOUTUBE
acdcのビッグガンの動画を見たい,YOUTUBE
acdcのジャックを youtube で見たい,YOUTUBE
ローリングストーンズの歌を再生して,YOUTUBE
ローリングストーンズの動画を再生して,YOUTUBE
ローリングストーンズを youtube 再生,YOUTUBE
ローリングストーンズの angie を再生して,YOUTUBE
ローリングストーンズの動画を youtube 再生して,YOUTUBE
ローリングストーンズの歌が聞きたい,YOUTUBE
ローリングストーンズが聞きたい,YOUTUBE
ローリングストーンズの歌を聞かせて,YOUTUBE
ローリングストーンズのサティスファクションの動画を見たい,YOUTUBE
ローリングストーンズのブラウンシュガーを youtube で見たい,YOUTUBE
クイーンの歌を再生して,YOUTUBE
クイーンの動画を再生して,YOUTUBE
クイーンを youtube 再生,YOUTUBE
クイーンの innuendo を再生して,YOUTUBE
クイーンの動画を youtube 再生して,YOUTUBE
クイーンの歌が聞きたい,YOUTUBE
クイーンが聞きたい,YOUTUBE
クイーンの歌を聞かせて,YOUTUBE
クイーンの伝説のチャンピョンの動画を見たい,YOUTUBE
クイーンのキラークイーンを youtube で見たい,YOUTUBE
エアロスミスの歌を再生して,YOUTUBE
エアロスミスの動画を再生して,YOUTUBE
エアロスミスを youtube 再生,YOUTUBE
エアロスミスの walk this way を再生して,YOUTUBE
エアロスミスの動画を youtube 再生して,YOUTUBE
エアロスミスの歌が聞きたい,YOUTUBE
エアロスミスが聞きたい,YOUTUBE
エアロスミスの歌を聞かせて,YOUTUBE
エアロスミスのラストチャイルドの動画を見たい,YOUTUBE
エアロスミスのクレイジーを youtube で見たい,YOUTUBE
イーグルスの歌を再生して,YOUTUBE
イーグルスの動画を再生して,YOUTUBE
イーグルスを youtube 再生,YOUTUBE
イーグルスの i can't tell you why を再生して,YOUTUBE
イーグルスの動画を youtube 再生して,YOUTUBE
イーグルスの歌が聞きたい,YOUTUBE
イーグルスが聞きたい,YOUTUBE
イーグルスの歌を聞かせて,YOUTUBE
イーグルスのテイクイットイージーの動画を見たい,YOUTUBE
イーグルスのホテルカリフォルニアを youtube で見たい,YOUTUBE
レディーガガの歌を再生して,YOUTUBE
レディーガガの動画を再生して,YOUTUBE
レディーガガを youtube 再生,YOUTUBE
レディーガガの alejandro を再生して,YOUTUBE
レディーガガの動画を youtube 再生して,YOUTUBE
レディーガガの歌が聞きたい,YOUTUBE
レディーガガが聞きたい,YOUTUBE
レディーガガの歌を聞かせて,YOUTUBE
レディーガガのパパラッチの動画を見たい,YOUTUBE
レディーガガのポーカーフェイスを youtube で見たい,YOUTUBE
カーペンターズの歌を再生して,YOUTUBE
カーペンターズの動画を再生して,YOUTUBE
カーペンターズを youtube 再生,YOUTUBE
カーペンターズの super star を再生して,YOUTUBE
カーペンターズの動画を youtube 再生して,YOUTUBE
カーペンターズの歌が聞きたい,YOUTUBE
カーペンターズが聞きたい,YOUTUBE
カーペンターズの歌を聞かせて,YOUTUBE
カーペンターズの青春の輝きの動画を見たい,YOUTUBE
カーペンターズの雨の日と月曜日はを youtube で見たい,YOUTUBE
b'zの歌を再生して,YOUTUBE
b'zの動画を再生して,YOUTUBE
b'zを youtube 再生,YOUTUBE
b'zの ultra soul を再生して,YOUTUBE
b'zの動画を youtube 再生して,YOUTUBE
b'zの歌が聞きたい,YOUTUBE
b'zが聞きたい,YOUTUBE
b'zの歌を聞かせて,YOUTUBE
b'zのギリギリ chop の動画を見たい,YOUTUBE
b'zのいつかのメリークリスマスを youtube で見たい,YOUTUBE
ミスターチルドレンの歌を再生して,YOUTUBE
ミスターチルドレンの動画を再生して,YOUTUBE
ミスターチルドレンを youtube 再生,YOUTUBE
ミスターチルドレンの抱きしめたいを再生して,YOUTUBE
ミスターチルドレンの動画を youtube 再生して,YOUTUBE
ミスターチルドレンの歌が聞きたい,YOUTUBE
ミスターチルドレンが聞きたい,YOUTUBE
ミスターチルドレンの歌を聞かせて,YOUTUBE
ミスターチルドレンの終わりなき旅の動画を見たい,YOUTUBE
ミスターチルドレンの innocent world を youtube で見たい,YOUTUBE
浜崎あゆみの歌を再生して,YOUTUBE
浜崎あゆみの動画を再生して,YOUTUBE
浜崎あゆみを youtube 再生,YOUTUBE
浜崎あゆみの seasons を再生して,YOUTUBE
浜崎あゆみの動画を youtube 再生して,YOUTUBE
浜崎あゆみの歌が聞きたい,YOUTUBE
浜崎あゆみが聞きたい,YOUTUBE
浜崎あゆみの歌を聞かせて,YOUTUBE
浜崎あゆみの heaven の動画を見たい,YOUTUBE
浜崎あゆみの trust を youtube で見たい,YOUTUBE
サザンオールスターズの歌を再生して,YOUTUBE
サザンオールスターズの動画を再生して,YOUTUBE
サザンオールスターズを youtube 再生,YOUTUBE
サザンオールスターズのいとしのエリーを再生して,YOUTUBE
サザンオールスターズの動画を youtube 再生して,YOUTUBE
サザンオールスターズの歌が聞きたい,YOUTUBE
サザンオールスターズが聞きたい,YOUTUBE
サザンオールスターズの歌を聞かせて,YOUTUBE
サザンオールスターズの真夏の果実の動画を見たい,YOUTUBE
サザンオールスターズのホテルパシフィックを youtube で見たい,YOUTUBE
dreams come trueの歌を再生して,YOUTUBE
dreams come trueの動画を再生して,YOUTUBE
dreams come trueを youtube 再生,YOUTUBE
dreams come trueの何度でもを再生して,YOUTUBE
dreams come trueの動画を youtube 再生して,YOUTUBE
dreams come trueの歌が聞きたい,YOUTUBE
dreams come trueが聞きたい,YOUTUBE
dreams come trueの歌を聞かせて,YOUTUBE
dreams come trueの大阪 lover の動画を見たい,YOUTUBE
dreams come trueの決戦は金曜日を youtube で見たい,YOUTUBE
ドリカムの歌を再生して,YOUTUBE
ドリカムの動画を再生して,YOUTUBE
ドリカムを youtube 再生,YOUTUBE
ドリカムの love love love を再生して,YOUTUBE
ドリカムの動画を youtube 再生して,YOUTUBE
ドリカムの歌が聞きたい,YOUTUBE
ドリカムが聞きたい,YOUTUBE
ドリカムの歌を聞かせて,YOUTUBE
ドリカムのサンキュの動画を見たい,YOUTUBE
ドリカムの晴れたらいいねを youtube で見たい,YOUTUBE
松任谷由実の歌を再生して,YOUTUBE
松任谷由実の動画を再生して,YOUTUBE
松任谷由実を youtube 再生,YOUTUBE
松任谷由実のやさしさに包まれたならを再生して,YOUTUBE
松任谷由実の動画を youtube 再生して,YOUTUBE
松任谷由実の歌が聞きたい,YOUTUBE
松任谷由実が聞きたい,YOUTUBE
松任谷由実の歌を聞かせて,YOUTUBE
松任谷由実の hello my fried の動画を見たい,YOUTUBE
松任谷由実の中央フリーウェイを youtube で見たい,YOUTUBE
グレーの歌を再生して,YOUTUBE
グレーの動画を再生して,YOUTUBE
グレーを youtube 再生,YOUTUBE
グレーの誘惑を再生して,YOUTUBE
グレーの動画を youtube 再生して,YOUTUBE
グレーの歌が聞きたい,YOUTUBE
グレーが聞きたい,YOUTUBE
グレーの歌を聞かせて,YOUTUBE
グレーの唇の動画を見たい,YOUTUBE
グレーのグロリアスを youtube で見たい,YOUTUBE
zardの歌を再生して,YOUTUBE
zardの動画を再生して,YOUTUBE
zardを youtube 再生,YOUTUBE
zardのマイフレンドを再生して,YOUTUBE
zardの動画を youtube 再生して,YOUTUBE
zardの歌が聞きたい,YOUTUBE
zardが聞きたい,YOUTUBE
zardの歌を聞かせて,YOUTUBE
zardの永遠の動画を見たい,YOUTUBE
zardの負けないでを youtube で見たい,YOUTUBE
宇多田ヒカルの歌を再生して,YOUTUBE
宇多田ヒカルの動画を再生して,YOUTUBE
宇多田ヒカルを youtube 再生,YOUTUBE
宇多田ヒカルのぼくはくまを再生して,YOUTUBE
宇多田ヒカルの動画を youtube 再生して,YOUTUBE
宇多田ヒカルの歌が聞きたい,YOUTUBE
宇多田ヒカルが聞きたい,YOUTUBE
宇多田ヒカルの歌を聞かせて,YOUTUBE
宇多田ヒカルの final distance を見たい,YOUTUBE
宇多田ヒカルの花束を君にを youtube で見たい,YOUTUBE
smapの歌を再生して,YOUTUBE
smapの動画を再生して,YOUTUBE
smapを youtube 再生,YOUTUBE
smapの世界に一つだけの花を再生して,YOUTUBE
smapの動画を youtube 再生して,YOUTUBE
smapの歌が聞きたい,YOUTUBE
smapが聞きたい,YOUTUBE
smapの歌を聞かせて,YOUTUBE
smapのダイナマイトを見たい,YOUTUBE
smapのらいおんハートを youtube で見たい,YOUTUBE
安室奈美恵の歌を再生して,YOUTUBE
安室奈美恵の動画を再生して,YOUTUBE
安室奈美恵を youtube 再生,YOUTUBE
安室奈美恵の wonder woman を再生して,YOUTUBE
安室奈美恵の動画を youtube 再生して,YOUTUBE
安室奈美恵の歌が聞きたい,YOUTUBE
安室奈美恵が聞きたい,YOUTUBE
安室奈美恵の歌を聞かせて,YOUTUBE
安室奈美恵のダイナマイトを見たい,YOUTUBE
安室奈美恵の chase the chase を youtube で見たい,YOUTUBE
ラルクアンシエルの歌を再生して,YOUTUBE
ラルクアンシエルの動画を再生して,YOUTUBE
ラルクアンシエルを youtube 再生,YOUTUBE
ラルクアンシエルの driver's high を再生して,YOUTUBE
ラルクアンシエルの動画を youtube 再生して,YOUTUBE
ラルクアンシエルの歌が聞きたい,YOUTUBE
ラルクアンシエルが聞きたい,YOUTUBE
ラルクアンシエルの歌を聞かせて,YOUTUBE
ラルクアンシエルの heaven's drive を見たい,YOUTUBE
ラルクアンシエルの虹を youtube で見たい,YOUTUBE
every little thingの歌を再生して,YOUTUBE
every little thingの動画を再生して,YOUTUBE
every little thingを youtube 再生,YOUTUBE
every little thingのささやかな祈りを再生して,YOUTUBE
every little thingの動画を youtube 再生して,YOUTUBE
every little thingの歌が聞きたい,YOUTUBE
every little thingが聞きたい,YOUTUBE
every little thingの歌を聞かせて,YOUTUBE
every little thingの fragile を見たい,YOUTUBE
every little thingのスイミーを youtube で見たい,YOUTUBE
akb48の歌を再生して,YOUTUBE
akb48の動画を再生して,YOUTUBE
akb48を youtube 再生,YOUTUBE
akb48の恋するフォーチュンクッキーを再生して,YOUTUBE
akb48の動画を youtube 再生して,YOUTUBE
akb48の歌が聞きたい,YOUTUBE
akb48が聞きたい,YOUTUBE
akb48の歌を聞かせて,YOUTUBE
akb48のヘビーローテーションを見たい,YOUTUBE
akb48のフライングゲットを youtube で見たい,YOUTUBE
東京ラブストーリーの主題歌を再生して,YOUTUBE
東京ラブストーリーの動画を再生して,YOUTUBE
東京ラブストーリーを youtube 再生,YOUTUBE
東京ラブストーリーのリカのテーマを再生して,YOUTUBE
東京ラブストーリーの動画を youtube 再生して,YOUTUBE
東京ラブストーリーのサウンドトラックが聞きたい,YOUTUBE
東京ラブストーリーが聞きたい,YOUTUBE
東京ラブストーリーの歌を聞かせて,YOUTUBE
東京ラブストーリーの主題歌を見たい,YOUTUBE
東京ラブストーリーのサウンドトラックを youtube で見たい,YOUTUBE